text,category,gender,sleeve,season,fit,color,price
"Mẫu Váy maxi nữ tay lửng, ôm, hoa nhí, phong cách thời trang quanh năm, giá bán 200 nghìn.",Váy maxi,nữ,tay lửng,quanh năm,ôm,hoa nhí,200 nghìn
"Mẫu Áo thun nam tay dài, regular, màu be, phong cách thời trang mùa đông, giá bán 700 nghìn.",Áo thun,nam,tay dài,mùa đông,regular,màu be,700 nghìn
"Chiếc Áo hoodie dành cho nam kiểu tay dài, màu màu vàng, mặc mùa hè rất thoải mái, giá 400 nghìn.",Áo hoodie,nam,tay dài,mùa hè,regular,màu vàng,400 nghìn
"Mẫu Áo thun nam không tay, rộng, màu trắng, phong cách thời trang mùa thu, giá bán 700 nghìn.",Áo thun,nam,không tay,mùa thu,rộng,màu trắng,700 nghìn
"Chiếc Quần short dành cho nữ kiểu tay lửng, màu màu xám, mặc mùa thu rất thoải mái, giá hơn 600k.",Quần short,nữ,tay lửng,mùa thu,dáng rộng,màu xám,hơn 600k
"Váy maxi unisex tay ngắn màu tím, chất liệu thoáng mát, phù hợp cho mùa hè, giá khoảng 200 nghìn.",Váy maxi,unisex,tay ngắn,mùa hè,dáng suông,màu tím,200 nghìn
"Áo hoodie unisex kiểu slim màu vàng, thiết kế hợp xu hướng, dùng được mùa xuân, giá 400 nghìn.",Áo hoodie,unisex,tay dài,mùa xuân,slim,màu vàng,400 nghìn
"Chiếc Áo thun dành cho unisex kiểu không tay, màu màu xám, mặc quanh năm rất thoải mái, giá 400 nghìn.",Áo thun,unisex,không tay,quanh năm,regular,màu xám,400 nghìn
"Chiếc Quần short dành cho unisex kiểu tay dài, màu màu xám, mặc mùa thu rất thoải mái, giá 200 nghìn.",Quần short,unisex,tay dài,mùa thu,ôm,màu xám,200 nghìn
"Váy maxi unisex tay dài màu be, chất liệu thoáng mát, phù hợp cho mùa hè, giá khoảng 800 nghìn.",Váy maxi,unisex,tay dài,mùa hè,regular,màu be,800 nghìn
"Áo hoodie nữ không tay màu tím, chất liệu thoáng mát, phù hợp cho mùa đông, giá khoảng 300 nghìn.",Áo hoodie,nữ,không tay,mùa đông,dáng suông,màu tím,300 nghìn
"Mẫu Váy nam tay ngắn, dáng rộng, màu vàng, phong cách thời trang mùa thu, giá bán hơn 600k.",Váy,nam,tay ngắn,mùa thu,dáng rộng,màu vàng,hơn 600k
"Mẫu Váy maxi nữ tay dài, dáng rộng, màu trắng, phong cách thời trang mùa đông, giá bán 700 nghìn.",Váy maxi,nữ,tay dài,mùa đông,dáng rộng,màu trắng,700 nghìn
"Chiếc Áo sơ mi dành cho unisex kiểu không tay, màu màu tím, mặc mùa xuân rất thoải mái, giá 200 nghìn.",Áo sơ mi,unisex,không tay,mùa xuân,regular,màu tím,200 nghìn
"Áo hoodie unisex tay lửng màu hồng, chất liệu thoáng mát, phù hợp cho mùa hè, giá khoảng 400 nghìn.",Áo hoodie,unisex,tay lửng,mùa hè,rộng,màu hồng,400 nghìn
"Mẫu Quần jeans nam tay dài, dáng rộng, màu đỏ, phong cách thời trang quanh năm, giá bán 700 nghìn.",Quần jeans,nam,tay dài,quanh năm,dáng rộng,màu đỏ,700 nghìn
"Mẫu Áo khoác unisex tay dài, regular, màu hồng, phong cách thời trang mùa thu, giá bán 1 triệu rưỡi.",Áo khoác,unisex,tay dài,mùa thu,regular,màu hồng,1 triệu rưỡi
"Quần jeans nam tay ngắn hoa nhí, chất liệu thoáng mát, phù hợp cho mùa đông, giá khoảng 1 triệu rưỡi.",Quần jeans,nam,tay ngắn,mùa đông,dáng suông,hoa nhí,1 triệu rưỡi
"Chiếc Áo hoodie dành cho nữ kiểu tay ngắn, màu màu đen, mặc mùa đông rất thoải mái, giá dưới 200k.",Áo hoodie,nữ,tay ngắn,mùa đông,rộng,màu đen,dưới 200k
"Váy maxi nữ không tay màu be, chất liệu thoáng mát, phù hợp cho mùa xuân, giá khoảng dưới 200k.",Váy maxi,nữ,không tay,mùa xuân,rộng,màu be,dưới 200k
"Áo khoác unisex tay dài hoa nhí, chất liệu thoáng mát, phù hợp cho mùa đông, giá khoảng 300 nghìn.",Áo khoác,unisex,tay dài,mùa đông,dáng suông,hoa nhí,300 nghìn
"Áo thun unisex tay ngắn hoa nhí, chất liệu thoáng mát, phù hợp cho mùa thu, giá khoảng hơn 1 triệu.",Áo thun,unisex,tay ngắn,mùa thu,slim,hoa nhí,hơn 1 triệu
"Chiếc Váy dành cho unisex kiểu không tay, màu màu đỏ, mặc mùa thu rất thoải mái, giá 800 nghìn.",Váy,unisex,không tay,mùa thu,dáng rộng,màu đỏ,800 nghìn
"Mẫu Áo hoodie nữ tay ngắn, rộng, màu đen, phong cách thời trang mùa hè, giá bán hơn 1 triệu.",Áo hoodie,nữ,tay ngắn,mùa hè,rộng,màu đen,hơn 1 triệu
"Áo thun unisex kiểu slim màu đỏ, thiết kế hợp xu hướng, dùng được mùa xuân, giá 700 nghìn.",Áo thun,unisex,tay ngắn,mùa xuân,slim,màu đỏ,700 nghìn
"Áo thun nữ không tay regular màu be, dễ phối đồ, hợp cho mùa xuân, chỉ 1 triệu.",Áo thun,nữ,không tay,mùa xuân,regular,màu be,1 triệu
"Váy maxi unisex kiểu slim màu đỏ, thiết kế hợp xu hướng, dùng được quanh năm, giá 700 nghìn.",Váy maxi,unisex,tay lửng,quanh năm,slim,màu đỏ,700 nghìn
"Áo thun nam tay ngắn hoa nhí, chất liệu thoáng mát, phù hợp cho quanh năm, giá khoảng 200 nghìn.",Áo thun,nam,tay ngắn,quanh năm,dáng rộng,hoa nhí,200 nghìn
"Quần short nam kiểu ôm màu xanh, thiết kế hợp xu hướng, dùng được mùa đông, giá hơn 600k.",Quần short,nam,tay dài,mùa đông,ôm,màu xanh,hơn 600k
"Mẫu Quần short unisex tay dài, regular, hoa nhí, phong cách thời trang mùa đông, giá bán hơn 600k.",Quần short,unisex,tay dài,mùa đông,regular,hoa nhí,hơn 600k
"Váy unisex tay dài màu đỏ, chất liệu thoáng mát, phù hợp cho mùa đông, giá khoảng 700 nghìn.",Váy,unisex,tay dài,mùa đông,ôm,màu đỏ,700 nghìn
"Quần short nam kiểu regular màu đen, thiết kế hợp xu hướng, dùng được quanh năm, giá 200 nghìn.",Quần short,nam,tay ngắn,quanh năm,regular,màu đen,200 nghìn
"Chiếc Quần short dành cho nam kiểu tay ngắn, màu hoa nhí, mặc mùa hè rất thoải mái, giá 400 nghìn.",Quần short,nam,tay ngắn,mùa hè,dáng rộng,hoa nhí,400 nghìn
"Mẫu Áo sơ mi nam tay lửng, rộng, màu xám, phong cách thời trang mùa đông, giá bán dưới 200k.",Áo sơ mi,nam,tay lửng,mùa đông,rộng,màu xám,dưới 200k
"Mẫu Áo khoác nam tay lửng, dáng rộng, màu xanh, phong cách thời trang mùa đông, giá bán 800 nghìn.",Áo khoác,nam,tay lửng,mùa đông,dáng rộng,màu xanh,800 nghìn
"Váy nam tay dài màu đỏ, chất liệu thoáng mát, phù hợp cho mùa hè, giá khoảng hơn 1 triệu.",Váy,nam,tay dài,mùa hè,dáng suông,màu đỏ,hơn 1 triệu
"Váy maxi nữ tay ngắn màu vàng, chất liệu thoáng mát, phù hợp cho mùa xuân, giá khoảng 1 triệu rưỡi.",Váy maxi,nữ,tay ngắn,mùa xuân,regular,màu vàng,1 triệu rưỡi
"Mẫu Váy nam tay ngắn, ôm, màu hồng, phong cách thời trang mùa đông, giá bán dưới 200k.",Váy,nam,tay ngắn,mùa đông,ôm,màu hồng,dưới 200k
"Mẫu Quần short unisex tay lửng, rộng, màu xanh, phong cách thời trang quanh năm, giá bán 400 nghìn.",Quần short,unisex,tay lửng,quanh năm,rộng,màu xanh,400 nghìn
"Chiếc Áo sơ mi dành cho unisex kiểu tay ngắn, màu màu đen, mặc mùa xuân rất thoải mái, giá 300 nghìn.",Áo sơ mi,unisex,tay ngắn,mùa xuân,rộng,màu đen,300 nghìn
"Áo khoác unisex không tay hoa nhí, chất liệu thoáng mát, phù hợp cho mùa xuân, giá khoảng 400 nghìn.",Áo khoác,unisex,không tay,mùa xuân,dáng suông,hoa nhí,400 nghìn
"Váy unisex kiểu dáng suông màu hồng, thiết kế hợp xu hướng, dùng được mùa thu, giá dưới 200k.",Váy,unisex,không tay,mùa thu,dáng suông,màu hồng,dưới 200k
"Váy nam không tay dáng rộng màu đỏ, dễ phối đồ, hợp cho mùa hè, chỉ 800 nghìn.",Váy,nam,không tay,mùa hè,dáng rộng,màu đỏ,800 nghìn
"Váy maxi unisex không tay slim màu trắng, dễ phối đồ, hợp cho mùa đông, chỉ 700 nghìn.",Váy maxi,unisex,không tay,mùa đông,slim,màu trắng,700 nghìn
"Mẫu Áo hoodie nam tay lửng, dáng suông, màu đỏ, phong cách thời trang mùa đông, giá bán hơn 600k.",Áo hoodie,nam,tay lửng,mùa đông,dáng suông,màu đỏ,hơn 600k
"Áo khoác nữ không tay màu đen, chất liệu thoáng mát, phù hợp cho mùa hè, giá khoảng 300 nghìn.",Áo khoác,nữ,không tay,mùa hè,regular,màu đen,300 nghìn
"Chiếc Quần short dành cho unisex kiểu không tay, màu màu đỏ, mặc mùa thu rất thoải mái, giá hơn 1 triệu.",Quần short,unisex,không tay,mùa thu,ôm,màu đỏ,hơn 1 triệu
"Váy nữ không tay rộng màu xanh, dễ phối đồ, hợp cho mùa thu, chỉ dưới 200k.",Váy,nữ,không tay,mùa thu,rộng,màu xanh,dưới 200k
"Áo hoodie unisex tay ngắn màu hồng, chất liệu thoáng mát, phù hợp cho mùa thu, giá khoảng 1 triệu.",Áo hoodie,unisex,tay ngắn,mùa thu,regular,màu hồng,1 triệu
"Chiếc Áo hoodie dành cho nữ kiểu tay ngắn, màu màu be, mặc mùa đông rất thoải mái, giá 500 nghìn.",Áo hoodie,nữ,tay ngắn,mùa đông,dáng suông,màu be,500 nghìn
"Mẫu Áo sơ mi unisex tay ngắn, dáng rộng, màu be, phong cách thời trang mùa hè, giá bán 500 nghìn.",Áo sơ mi,unisex,tay ngắn,mùa hè,dáng rộng,màu be,500 nghìn
"Váy unisex không tay màu tím, chất liệu thoáng mát, phù hợp cho quanh năm, giá khoảng hơn 1 triệu.",Váy,unisex,không tay,quanh năm,dáng suông,màu tím,hơn 1 triệu
"Chiếc Váy maxi dành cho unisex kiểu tay dài, màu màu be, mặc mùa thu rất thoải mái, giá 1 triệu.",Váy maxi,unisex,tay dài,mùa thu,regular,màu be,1 triệu
"Áo hoodie nam kiểu rộng màu be, thiết kế hợp xu hướng, dùng được mùa xuân, giá 1 triệu.",Áo hoodie,nam,tay ngắn,mùa xuân,rộng,màu be,1 triệu
"Quần jeans nữ tay ngắn rộng màu vàng, dễ phối đồ, hợp cho mùa hè, chỉ hơn 1 triệu.",Quần jeans,nữ,tay ngắn,mùa hè,rộng,màu vàng,hơn 1 triệu
"Quần short unisex không tay ôm màu trắng, dễ phối đồ, hợp cho mùa thu, chỉ 1 triệu rưỡi.",Quần short,unisex,không tay,mùa thu,ôm,màu trắng,1 triệu rưỡi
"Quần short nữ kiểu dáng suông màu vàng, thiết kế hợp xu hướng, dùng được mùa thu, giá 400 nghìn.",Quần short,nữ,không tay,mùa thu,dáng suông,màu vàng,400 nghìn
"Quần short unisex tay dài dáng suông màu đỏ, dễ phối đồ, hợp cho mùa đông, chỉ hơn 1 triệu.",Quần short,unisex,tay dài,mùa đông,dáng suông,màu đỏ,hơn 1 triệu
"Mẫu Quần short nam không tay, dáng rộng, màu xám, phong cách thời trang quanh năm, giá bán 700 nghìn.",Quần short,nam,không tay,quanh năm,dáng rộng,màu xám,700 nghìn
"Váy unisex tay lửng hoa nhí, chất liệu thoáng mát, phù hợp cho mùa hè, giá khoảng 800 nghìn.",Váy,unisex,tay lửng,mùa hè,dáng rộng,hoa nhí,800 nghìn
"Quần jeans nam kiểu dáng rộng màu be, thiết kế hợp xu hướng, dùng được mùa xuân, giá 700 nghìn.",Quần jeans,nam,tay lửng,mùa xuân,dáng rộng,màu be,700 nghìn
"Quần short unisex tay ngắn màu tím, chất liệu thoáng mát, phù hợp cho quanh năm, giá khoảng 1 triệu rưỡi.",Quần short,unisex,tay ngắn,quanh năm,dáng suông,màu tím,1 triệu rưỡi
"Mẫu Váy maxi unisex tay lửng, dáng rộng, màu xám, phong cách thời trang mùa xuân, giá bán 1 triệu rưỡi.",Váy maxi,unisex,tay lửng,mùa xuân,dáng rộng,màu xám,1 triệu rưỡi
"Váy maxi unisex tay lửng dáng rộng màu xám, dễ phối đồ, hợp cho mùa đông, chỉ 400 nghìn.",Váy maxi,unisex,tay lửng,mùa đông,dáng rộng,màu xám,400 nghìn
"Chiếc Quần jeans dành cho nữ kiểu tay ngắn, màu màu tím, mặc mùa đông rất thoải mái, giá 400 nghìn.",Quần jeans,nữ,tay ngắn,mùa đông,dáng suông,màu tím,400 nghìn
"Áo thun nam kiểu slim màu đen, thiết kế hợp xu hướng, dùng được mùa thu, giá 400 nghìn.",Áo thun,nam,tay dài,mùa thu,slim,màu đen,400 nghìn
"Chiếc Áo hoodie dành cho nam kiểu không tay, màu màu vàng, mặc mùa hè rất thoải mái, giá 300 nghìn.",Áo hoodie,nam,không tay,mùa hè,dáng suông,màu vàng,300 nghìn
"Áo hoodie nam kiểu dáng rộng màu xanh, thiết kế hợp xu hướng, dùng được mùa đông, giá 200 nghìn.",Áo hoodie,nam,tay lửng,mùa đông,dáng rộng,màu xanh,200 nghìn
"Mẫu Váy nam tay dài, slim, màu hồng, phong cách thời trang mùa thu, giá bán dưới 200k.",Váy,nam,tay dài,mùa thu,slim,màu hồng,dưới 200k
"Chiếc Quần jeans dành cho nữ kiểu tay lửng, màu màu hồng, mặc quanh năm rất thoải mái, giá 800 nghìn.",Quần jeans,nữ,tay lửng,quanh năm,dáng suông,màu hồng,800 nghìn
"Chiếc Áo khoác dành cho unisex kiểu tay dài, màu màu vàng, mặc quanh năm rất thoải mái, giá 500 nghìn.",Áo khoác,unisex,tay dài,quanh năm,rộng,màu vàng,500 nghìn
"Váy maxi unisex tay ngắn màu xanh, chất liệu thoáng mát, phù hợp cho mùa xuân, giá khoảng 500 nghìn.",Váy maxi,unisex,tay ngắn,mùa xuân,rộng,màu xanh,500 nghìn
"Quần jeans unisex kiểu slim màu hồng, thiết kế hợp xu hướng, dùng được quanh năm, giá 200 nghìn.",Quần jeans,unisex,không tay,quanh năm,slim,màu hồng,200 nghìn
"Chiếc Áo hoodie dành cho unisex kiểu tay dài, màu màu đen, mặc mùa đông rất thoải mái, giá 1 triệu rưỡi.",Áo hoodie,unisex,tay dài,mùa đông,ôm,màu đen,1 triệu rưỡi
"Mẫu Áo hoodie unisex tay dài, dáng rộng, màu vàng, phong cách thời trang quanh năm, giá bán dưới 200k.",Áo hoodie,unisex,tay dài,quanh năm,dáng rộng,màu vàng,dưới 200k
"Chiếc Váy maxi dành cho nam kiểu không tay, màu hoa nhí, mặc mùa xuân rất thoải mái, giá 300 nghìn.",Váy maxi,nam,không tay,mùa xuân,rộng,hoa nhí,300 nghìn
"Chiếc Váy dành cho nữ kiểu tay dài, màu màu tím, mặc mùa hè rất thoải mái, giá hơn 1 triệu.",Váy,nữ,tay dài,mùa hè,regular,màu tím,hơn 1 triệu
"Váy maxi nam tay dài dáng rộng màu tím, dễ phối đồ, hợp cho mùa thu, chỉ 800 nghìn.",Váy maxi,nam,tay dài,mùa thu,dáng rộng,màu tím,800 nghìn
"Áo khoác unisex tay ngắn dáng rộng màu đen, dễ phối đồ, hợp cho mùa hè, chỉ 1 triệu rưỡi.",Áo khoác,unisex,tay ngắn,mùa hè,dáng rộng,màu đen,1 triệu rưỡi
"Chiếc Quần jeans dành cho nữ kiểu không tay, màu màu xanh, mặc quanh năm rất thoải mái, giá 1 triệu rưỡi.",Quần jeans,nữ,không tay,quanh năm,dáng suông,màu xanh,1 triệu rưỡi
"Quần short nam tay ngắn dáng rộng màu be, dễ phối đồ, hợp cho mùa hè, chỉ 400 nghìn.",Quần short,nam,tay ngắn,mùa hè,dáng rộng,màu be,400 nghìn
"Mẫu Váy unisex không tay, dáng suông, màu hồng, phong cách thời trang quanh năm, giá bán 500 nghìn.",Váy,unisex,không tay,quanh năm,dáng suông,màu hồng,500 nghìn
"Áo thun unisex tay lửng màu đen, chất liệu thoáng mát, phù hợp cho mùa xuân, giá khoảng 200 nghìn.",Áo thun,unisex,tay lửng,mùa xuân,slim,màu đen,200 nghìn
"Váy nữ tay lửng màu xanh, chất liệu thoáng mát, phù hợp cho quanh năm, giá khoảng 700 nghìn.",Váy,nữ,tay lửng,quanh năm,dáng rộng,màu xanh,700 nghìn
"Chiếc Áo thun dành cho nam kiểu tay lửng, màu màu tím, mặc mùa đông rất thoải mái, giá 400 nghìn.",Áo thun,nam,tay lửng,mùa đông,regular,màu tím,400 nghìn
"Áo thun unisex kiểu rộng màu đỏ, thiết kế hợp xu hướng, dùng được mùa thu, giá 500 nghìn.",Áo thun,unisex,không tay,mùa thu,rộng,màu đỏ,500 nghìn
"Váy nam tay dài màu vàng, chất liệu thoáng mát, phù hợp cho mùa thu, giá khoảng 300 nghìn.",Váy,nam,tay dài,mùa thu,rộng,màu vàng,300 nghìn
"Mẫu Váy unisex tay lửng, regular, màu trắng, phong cách thời trang mùa hè, giá bán 700 nghìn.",Váy,unisex,tay lửng,mùa hè,regular,màu trắng,700 nghìn
"Chiếc Váy maxi dành cho nữ kiểu không tay, màu màu hồng, mặc mùa xuân rất thoải mái, giá 200 nghìn.",Váy maxi,nữ,không tay,mùa xuân,ôm,màu hồng,200 nghìn
"Váy unisex tay dài màu đen, chất liệu thoáng mát, phù hợp cho mùa xuân, giá khoảng 200 nghìn.",Váy,unisex,tay dài,mùa xuân,dáng suông,màu đen,200 nghìn
"Váy maxi nam không tay dáng suông màu xám, dễ phối đồ, hợp cho mùa đông, chỉ 700 nghìn.",Váy maxi,nam,không tay,mùa đông,dáng suông,màu xám,700 nghìn
"Chiếc Áo hoodie dành cho nữ kiểu tay dài, màu màu vàng, mặc mùa hè rất thoải mái, giá 700 nghìn.",Áo hoodie,nữ,tay dài,mùa hè,dáng suông,màu vàng,700 nghìn
"Mẫu Quần jeans nữ tay lửng, dáng rộng, hoa nhí, phong cách thời trang mùa thu, giá bán 700 nghìn.",Quần jeans,nữ,tay lửng,mùa thu,dáng rộng,hoa nhí,700 nghìn
"Quần jeans nam không tay hoa nhí, chất liệu thoáng mát, phù hợp cho mùa đông, giá khoảng hơn 1 triệu.",Quần jeans,nam,không tay,mùa đông,ôm,hoa nhí,hơn 1 triệu
"Áo thun unisex tay dài ôm màu trắng, dễ phối đồ, hợp cho mùa đông, chỉ 1 triệu rưỡi.",Áo thun,unisex,tay dài,mùa đông,ôm,màu trắng,1 triệu rưỡi
"Quần jeans nam kiểu ôm màu xanh, thiết kế hợp xu hướng, dùng được mùa đông, giá dưới 200k.",Quần jeans,nam,tay ngắn,mùa đông,ôm,màu xanh,dưới 200k
"Chiếc Áo hoodie dành cho unisex kiểu tay dài, màu màu be, mặc mùa đông rất thoải mái, giá 200 nghìn.",Áo hoodie,unisex,tay dài,mùa đông,rộng,màu be,200 nghìn
"Áo hoodie nam không tay màu vàng, chất liệu thoáng mát, phù hợp cho mùa thu, giá khoảng 200 nghìn.",Áo hoodie,nam,không tay,mùa thu,slim,màu vàng,200 nghìn
"Áo thun unisex tay lửng màu xám, chất liệu thoáng mát, phù hợp cho quanh năm, giá khoảng 700 nghìn.",Áo thun,unisex,tay lửng,quanh năm,dáng rộng,màu xám,700 nghìn
"Váy unisex kiểu dáng rộng màu trắng, thiết kế hợp xu hướng, dùng được quanh năm, giá 1 triệu.",Váy,unisex,tay dài,quanh năm,dáng rộng,màu trắng,1 triệu
"Áo thun unisex không tay regular màu tím, dễ phối đồ, hợp cho mùa xuân, chỉ 1 triệu rưỡi.",Áo thun,unisex,không tay,mùa xuân,regular,màu tím,1 triệu rưỡi
"Váy unisex kiểu regular màu vàng, thiết kế hợp xu hướng, dùng được mùa thu, giá 500 nghìn.",Váy,unisex,tay ngắn,mùa thu,regular,màu vàng,500 nghìn
"Quần short nữ kiểu slim hoa nhí, thiết kế hợp xu hướng, dùng được mùa hè, giá 1 triệu.",Quần short,nữ,tay lửng,mùa hè,slim,hoa nhí,1 triệu
"Áo thun nam không tay màu trắng, chất liệu thoáng mát, phù hợp cho mùa hè, giá khoảng 700 nghìn.",Áo thun,nam,không tay,mùa hè,slim,màu trắng,700 nghìn
"Quần short nữ kiểu rộng màu xám, thiết kế hợp xu hướng, dùng được mùa xuân, giá hơn 600k.",Quần short,nữ,tay ngắn,mùa xuân,rộng,màu xám,hơn 600k
"Áo khoác nam tay dài slim màu đen, dễ phối đồ, hợp cho mùa đông, chỉ 1 triệu.",Áo khoác,nam,tay dài,mùa đông,slim,màu đen,1 triệu
"Áo khoác nam tay dài màu hồng, chất liệu thoáng mát, phù hợp cho mùa thu, giá khoảng 800 nghìn.",Áo khoác,nam,tay dài,mùa thu,regular,màu hồng,800 nghìn
"Quần short nữ kiểu rộng màu đen, thiết kế hợp xu hướng, dùng được quanh năm, giá hơn 1 triệu.",Quần short,nữ,tay lửng,quanh năm,rộng,màu đen,hơn 1 triệu
"Áo hoodie nữ tay ngắn rộng màu trắng, dễ phối đồ, hợp cho quanh năm, chỉ 300 nghìn.",Áo hoodie,nữ,tay ngắn,quanh năm,rộng,màu trắng,300 nghìn
"Quần jeans unisex tay dài màu xanh, chất liệu thoáng mát, phù hợp cho mùa hè, giá khoảng 300 nghìn.",Quần jeans,unisex,tay dài,mùa hè,slim,màu xanh,300 nghìn
"Áo khoác unisex không tay màu đen, chất liệu thoáng mát, phù hợp cho mùa hè, giá khoảng dưới 200k.",Áo khoác,unisex,không tay,mùa hè,ôm,màu đen,dưới 200k
"Áo khoác unisex không tay regular màu hồng, dễ phối đồ, hợp cho mùa hè, chỉ 700 nghìn.",Áo khoác,unisex,không tay,mùa hè,regular,màu hồng,700 nghìn
"Mẫu Váy maxi unisex tay ngắn, dáng suông, màu trắng, phong cách thời trang mùa hè, giá bán 700 nghìn.",Váy maxi,unisex,tay ngắn,mùa hè,dáng suông,màu trắng,700 nghìn
"Áo thun nữ kiểu ôm màu vàng, thiết kế hợp xu hướng, dùng được mùa thu, giá 700 nghìn.",Áo thun,nữ,tay dài,mùa thu,ôm,màu vàng,700 nghìn
"Quần short nữ tay lửng dáng suông màu đen, dễ phối đồ, hợp cho mùa thu, chỉ 700 nghìn.",Quần short,nữ,tay lửng,mùa thu,dáng suông,màu đen,700 nghìn
"Áo sơ mi unisex kiểu rộng màu xám, thiết kế hợp xu hướng, dùng được mùa thu, giá hơn 600k.",Áo sơ mi,unisex,tay ngắn,mùa thu,rộng,màu xám,hơn 600k
"Áo hoodie unisex kiểu dáng suông màu trắng, thiết kế hợp xu hướng, dùng được mùa thu, giá 700 nghìn.",Áo hoodie,unisex,không tay,mùa thu,dáng suông,màu trắng,700 nghìn
"Mẫu Áo hoodie nữ không tay, ôm, màu đen, phong cách thời trang quanh năm, giá bán 700 nghìn.",Áo hoodie,nữ,không tay,quanh năm,ôm,màu đen,700 nghìn
"Áo khoác nam kiểu dáng rộng màu be, thiết kế hợp xu hướng, dùng được mùa thu, giá 200 nghìn.",Áo khoác,nam,tay dài,mùa thu,dáng rộng,màu be,200 nghìn
"Quần jeans nữ kiểu slim màu đen, thiết kế hợp xu hướng, dùng được mùa thu, giá 1 triệu.",Quần jeans,nữ,tay dài,mùa thu,slim,màu đen,1 triệu
"Chiếc Váy maxi dành cho unisex kiểu tay ngắn, màu màu đen, mặc mùa xuân rất thoải mái, giá hơn 600k.",Váy maxi,unisex,tay ngắn,mùa xuân,rộng,màu đen,hơn 600k
"Quần short unisex tay lửng ôm màu đỏ, dễ phối đồ, hợp cho quanh năm, chỉ 800 nghìn.",Quần short,unisex,tay lửng,quanh năm,ôm,màu đỏ,800 nghìn
"Mẫu Áo hoodie nam không tay, ôm, màu be, phong cách thời trang mùa thu, giá bán 400 nghìn.",Áo hoodie,nam,không tay,mùa thu,ôm,màu be,400 nghìn
"Chiếc Quần short dành cho nam kiểu tay lửng, màu màu tím, mặc mùa thu rất thoải mái, giá 700 nghìn.",Quần short,nam,tay lửng,mùa thu,regular,màu tím,700 nghìn
"Mẫu Quần short nữ không tay, rộng, màu trắng, phong cách thời trang mùa xuân, giá bán 300 nghìn.",Quần short,nữ,không tay,mùa xuân,rộng,màu trắng,300 nghìn
"Váy unisex tay ngắn màu tím, chất liệu thoáng mát, phù hợp cho mùa đông, giá khoảng hơn 600k.",Váy,unisex,tay ngắn,mùa đông,regular,màu tím,hơn 600k
"Chiếc Quần jeans dành cho nữ kiểu không tay, màu màu tím, mặc mùa thu rất thoải mái, giá 700 nghìn.",Quần jeans,nữ,không tay,mùa thu,rộng,màu tím,700 nghìn
"Chiếc Áo khoác dành cho unisex kiểu tay dài, màu màu vàng, mặc mùa xuân rất thoải mái, giá hơn 1 triệu.",Áo khoác,unisex,tay dài,mùa xuân,ôm,màu vàng,hơn 1 triệu
"Áo khoác unisex tay ngắn regular màu xám, dễ phối đồ, hợp cho mùa hè, chỉ 800 nghìn.",Áo khoác,unisex,tay ngắn,mùa hè,regular,màu xám,800 nghìn
"Áo khoác unisex tay lửng ôm hoa nhí, dễ phối đồ, hợp cho mùa hè, chỉ 300 nghìn.",Áo khoác,unisex,tay lửng,mùa hè,ôm,hoa nhí,300 nghìn
"Váy maxi unisex tay lửng dáng suông màu vàng, dễ phối đồ, hợp cho mùa thu, chỉ dưới 200k.",Váy maxi,unisex,tay lửng,mùa thu,dáng suông,màu vàng,dưới 200k
"Chiếc Váy maxi dành cho unisex kiểu không tay, màu màu đen, mặc mùa hè rất thoải mái, giá hơn 600k.",Váy maxi,unisex,không tay,mùa hè,regular,màu đen,hơn 600k
"Áo thun nữ kiểu ôm màu vàng, thiết kế hợp xu hướng, dùng được quanh năm, giá 1 triệu rưỡi.",Áo thun,nữ,tay ngắn,quanh năm,ôm,màu vàng,1 triệu rưỡi
"Chiếc Váy maxi dành cho nam kiểu tay lửng, màu màu tím, mặc mùa xuân rất thoải mái, giá 1 triệu.",Váy maxi,nam,tay lửng,mùa xuân,regular,màu tím,1 triệu
"Áo sơ mi nam kiểu regular màu vàng, thiết kế hợp xu hướng, dùng được mùa hè, giá 200 nghìn.",Áo sơ mi,nam,không tay,mùa hè,regular,màu vàng,200 nghìn
"Chiếc Quần jeans dành cho nữ kiểu không tay, màu màu vàng, mặc quanh năm rất thoải mái, giá 200 nghìn.",Quần jeans,nữ,không tay,quanh năm,dáng rộng,màu vàng,200 nghìn
"Áo hoodie nữ không tay ôm màu trắng, dễ phối đồ, hợp cho quanh năm, chỉ dưới 200k.",Áo hoodie,nữ,không tay,quanh năm,ôm,màu trắng,dưới 200k
"Áo thun nam tay dài slim màu tím, dễ phối đồ, hợp cho mùa hè, chỉ 800 nghìn.",Áo thun,nam,tay dài,mùa hè,slim,màu tím,800 nghìn
"Quần jeans nữ tay ngắn regular màu xám, dễ phối đồ, hợp cho mùa đông, chỉ 300 nghìn.",Quần jeans,nữ,tay ngắn,mùa đông,regular,màu xám,300 nghìn
"Áo sơ mi unisex tay dài màu be, chất liệu thoáng mát, phù hợp cho mùa thu, giá khoảng 300 nghìn.",Áo sơ mi,unisex,tay dài,mùa thu,dáng suông,màu be,300 nghìn
"Chiếc Quần jeans dành cho nữ kiểu tay lửng, màu màu đỏ, mặc mùa đông rất thoải mái, giá hơn 600k.",Quần jeans,nữ,tay lửng,mùa đông,rộng,màu đỏ,hơn 600k
"Áo thun unisex không tay màu xám, chất liệu thoáng mát, phù hợp cho mùa hè, giá khoảng 300 nghìn.",Áo thun,unisex,không tay,mùa hè,regular,màu xám,300 nghìn
"Váy maxi nam tay dài màu tím, chất liệu thoáng mát, phù hợp cho mùa thu, giá khoảng dưới 200k.",Váy maxi,nam,tay dài,mùa thu,slim,màu tím,dưới 200k
"Váy nữ không tay hoa nhí, chất liệu thoáng mát, phù hợp cho quanh năm, giá khoảng 500 nghìn.",Váy,nữ,không tay,quanh năm,slim,hoa nhí,500 nghìn
"Váy unisex không tay màu đỏ, chất liệu thoáng mát, phù hợp cho mùa thu, giá khoảng hơn 1 triệu.",Váy,unisex,không tay,mùa thu,dáng rộng,màu đỏ,hơn 1 triệu
"Quần jeans unisex kiểu ôm màu tím, thiết kế hợp xu hướng, dùng được quanh năm, giá 400 nghìn.",Quần jeans,unisex,không tay,quanh năm,ôm,màu tím,400 nghìn
"Chiếc Áo khoác dành cho unisex kiểu không tay, màu màu xanh, mặc mùa hè rất thoải mái, giá 700 nghìn.",Áo khoác,unisex,không tay,mùa hè,dáng suông,màu xanh,700 nghìn
"Chiếc Áo thun dành cho nữ kiểu tay lửng, màu màu xám, mặc quanh năm rất thoải mái, giá hơn 1 triệu.",Áo thun,nữ,tay lửng,quanh năm,slim,màu xám,hơn 1 triệu
"Áo hoodie nam kiểu ôm màu tím, thiết kế hợp xu hướng, dùng được quanh năm, giá 1 triệu rưỡi.",Áo hoodie,nam,không tay,quanh năm,ôm,màu tím,1 triệu rưỡi
"Chiếc Áo khoác dành cho unisex kiểu tay ngắn, màu màu be, mặc mùa hè rất thoải mái, giá 300 nghìn.",Áo khoác,unisex,tay ngắn,mùa hè,dáng rộng,màu be,300 nghìn
"Chiếc Quần short dành cho nam kiểu tay dài, màu màu xám, mặc quanh năm rất thoải mái, giá 800 nghìn.",Quần short,nam,tay dài,quanh năm,rộng,màu xám,800 nghìn
"Áo hoodie unisex không tay regular màu be, dễ phối đồ, hợp cho mùa hè, chỉ 400 nghìn.",Áo hoodie,unisex,không tay,mùa hè,regular,màu be,400 nghìn
"Áo khoác nữ tay lửng dáng suông hoa nhí, dễ phối đồ, hợp cho mùa hè, chỉ 1 triệu rưỡi.",Áo khoác,nữ,tay lửng,mùa hè,dáng suông,hoa nhí,1 triệu rưỡi
"Váy unisex tay lửng màu vàng, chất liệu thoáng mát, phù hợp cho mùa đông, giá khoảng dưới 200k.",Váy,unisex,tay lửng,mùa đông,ôm,màu vàng,dưới 200k
"Váy maxi nữ kiểu slim màu tím, thiết kế hợp xu hướng, dùng được quanh năm, giá 500 nghìn.",Váy maxi,nữ,tay dài,quanh năm,slim,màu tím,500 nghìn
"Áo thun unisex tay dài dáng suông màu đỏ, dễ phối đồ, hợp cho quanh năm, chỉ 200 nghìn.",Áo thun,unisex,tay dài,quanh năm,dáng suông,màu đỏ,200 nghìn
"Chiếc Áo hoodie dành cho unisex kiểu tay lửng, màu màu đen, mặc mùa hè rất thoải mái, giá dưới 200k.",Áo hoodie,unisex,tay lửng,mùa hè,regular,màu đen,dưới 200k
"Mẫu Quần jeans nữ tay lửng, dáng suông, hoa nhí, phong cách thời trang mùa xuân, giá bán hơn 1 triệu.",Quần jeans,nữ,tay lửng,mùa xuân,dáng suông,hoa nhí,hơn 1 triệu
"Váy unisex kiểu ôm màu đen, thiết kế hợp xu hướng, dùng được mùa thu, giá 500 nghìn.",Váy,unisex,tay dài,mùa thu,ôm,màu đen,500 nghìn
"Quần jeans unisex kiểu dáng suông màu vàng, thiết kế hợp xu hướng, dùng được quanh năm, giá 400 nghìn.",Quần jeans,unisex,không tay,quanh năm,dáng suông,màu vàng,400 nghìn
"Váy nữ tay ngắn màu be, chất liệu thoáng mát, phù hợp cho mùa xuân, giá khoảng 500 nghìn.",Váy,nữ,tay ngắn,mùa xuân,regular,màu be,500 nghìn
"Quần short nam không tay màu trắng, chất liệu thoáng mát, phù hợp cho mùa hè, giá khoảng 400 nghìn.",Quần short,nam,không tay,mùa hè,rộng,màu trắng,400 nghìn
"Quần jeans unisex tay dài màu xám, chất liệu thoáng mát, phù hợp cho mùa thu, giá khoảng 700 nghìn.",Quần jeans,unisex,tay dài,mùa thu,dáng rộng,màu xám,700 nghìn
"Áo sơ mi unisex kiểu dáng suông màu xám, thiết kế hợp xu hướng, dùng được mùa đông, giá 200 nghìn.",Áo sơ mi,unisex,tay ngắn,mùa đông,dáng suông,màu xám,200 nghìn
"Váy maxi nam tay dài dáng suông hoa nhí, dễ phối đồ, hợp cho quanh năm, chỉ 1 triệu.",Váy maxi,nam,tay dài,quanh năm,dáng suông,hoa nhí,1 triệu
"Váy maxi nam không tay màu trắng, chất liệu thoáng mát, phù hợp cho quanh năm, giá khoảng hơn 1 triệu.",Váy maxi,nam,không tay,quanh năm,dáng suông,màu trắng,hơn 1 triệu
"Mẫu Áo hoodie nam không tay, dáng rộng, màu be, phong cách thời trang mùa đông, giá bán 500 nghìn.",Áo hoodie,nam,không tay,mùa đông,dáng rộng,màu be,500 nghìn
"Mẫu Áo hoodie unisex không tay, rộng, màu xám, phong cách thời trang mùa hè, giá bán hơn 1 triệu.",Áo hoodie,unisex,không tay,mùa hè,rộng,màu xám,hơn 1 triệu
"Quần short nữ tay dài regular màu tím, dễ phối đồ, hợp cho mùa thu, chỉ 300 nghìn.",Quần short,nữ,tay dài,mùa thu,regular,màu tím,300 nghìn
"Váy maxi unisex tay lửng màu trắng, chất liệu thoáng mát, phù hợp cho mùa thu, giá khoảng 800 nghìn.",Váy maxi,unisex,tay lửng,mùa thu,dáng rộng,màu trắng,800 nghìn
"Mẫu Váy maxi nữ không tay, ôm, màu đen, phong cách thời trang mùa đông, giá bán 1 triệu rưỡi.",Váy maxi,nữ,không tay,mùa đông,ôm,màu đen,1 triệu rưỡi
"Áo hoodie nam tay ngắn màu tím, chất liệu thoáng mát, phù hợp cho mùa thu, giá khoảng 400 nghìn.",Áo hoodie,nam,tay ngắn,mùa thu,slim,màu tím,400 nghìn
"Mẫu Áo sơ mi nam không tay, dáng suông, hoa nhí, phong cách thời trang mùa thu, giá bán 800 nghìn.",Áo sơ mi,nam,không tay,mùa thu,dáng suông,hoa nhí,800 nghìn
"Quần jeans unisex tay ngắn rộng màu vàng, dễ phối đồ, hợp cho quanh năm, chỉ hơn 600k.",Quần jeans,unisex,tay ngắn,quanh năm,rộng,màu vàng,hơn 600k
"Quần short nam tay lửng ôm màu vàng, dễ phối đồ, hợp cho mùa thu, chỉ 1 triệu rưỡi.",Quần short,nam,tay lửng,mùa thu,ôm,màu vàng,1 triệu rưỡi
"Mẫu Quần jeans unisex tay dài, dáng rộng, màu tím, phong cách thời trang mùa hè, giá bán 300 nghìn.",Quần jeans,unisex,tay dài,mùa hè,dáng rộng,màu tím,300 nghìn
"Váy maxi nam tay lửng dáng rộng màu tím, dễ phối đồ, hợp cho mùa xuân, chỉ 1 triệu rưỡi.",Váy maxi,nam,tay lửng,mùa xuân,dáng rộng,màu tím,1 triệu rưỡi
"Quần short nam tay ngắn slim màu xanh, dễ phối đồ, hợp cho mùa xuân, chỉ 500 nghìn.",Quần short,nam,tay ngắn,mùa xuân,slim,màu xanh,500 nghìn
"Áo hoodie nữ tay ngắn màu đỏ, chất liệu thoáng mát, phù hợp cho quanh năm, giá khoảng 800 nghìn.",Áo hoodie,nữ,tay ngắn,quanh năm,regular,màu đỏ,800 nghìn
"Váy nữ kiểu rộng hoa nhí, thiết kế hợp xu hướng, dùng được mùa xuân, giá 400 nghìn.",Váy,nữ,tay ngắn,mùa xuân,rộng,hoa nhí,400 nghìn
"Mẫu Quần jeans nữ không tay, ôm, màu trắng, phong cách thời trang mùa thu, giá bán 400 nghìn.",Quần jeans,nữ,không tay,mùa thu,ôm,màu trắng,400 nghìn
"Áo khoác unisex kiểu slim màu be, thiết kế hợp xu hướng, dùng được mùa thu, giá 1 triệu.",Áo khoác,unisex,tay lửng,mùa thu,slim,màu be,1 triệu
"Quần jeans nữ tay ngắn màu hồng, chất liệu thoáng mát, phù hợp cho mùa đông, giá khoảng hơn 600k.",Quần jeans,nữ,tay ngắn,mùa đông,dáng suông,màu hồng,hơn 600k
"Mẫu Áo khoác nữ tay dài, rộng, màu vàng, phong cách thời trang mùa hè, giá bán 500 nghìn.",Áo khoác,nữ,tay dài,mùa hè,rộng,màu vàng,500 nghìn
"Áo sơ mi unisex không tay màu đen, chất liệu thoáng mát, phù hợp cho mùa đông, giá khoảng hơn 600k.",Áo sơ mi,unisex,không tay,mùa đông,dáng rộng,màu đen,hơn 600k
"Váy nữ tay dài regular màu be, dễ phối đồ, hợp cho mùa xuân, chỉ 300 nghìn.",Váy,nữ,tay dài,mùa xuân,regular,màu be,300 nghìn
"Quần short nam kiểu regular màu đỏ, thiết kế hợp xu hướng, dùng được mùa xuân, giá 200 nghìn.",Quần short,nam,tay dài,mùa xuân,regular,màu đỏ,200 nghìn
"Mẫu Quần short unisex tay ngắn, dáng suông, màu xanh, phong cách thời trang mùa thu, giá bán 300 nghìn.",Quần short,unisex,tay ngắn,mùa thu,dáng suông,màu xanh,300 nghìn
"Chiếc Áo thun dành cho nam kiểu không tay, màu màu vàng, mặc mùa xuân rất thoải mái, giá 400 nghìn.",Áo thun,nam,không tay,mùa xuân,regular,màu vàng,400 nghìn
"Váy maxi unisex kiểu ôm màu xám, thiết kế hợp xu hướng, dùng được mùa thu, giá 200 nghìn.",Váy maxi,unisex,tay lửng,mùa thu,ôm,màu xám,200 nghìn
"Quần jeans nữ tay ngắn regular màu tím, dễ phối đồ, hợp cho mùa xuân, chỉ hơn 600k.",Quần jeans,nữ,tay ngắn,mùa xuân,regular,màu tím,hơn 600k
"Áo thun nam tay lửng màu đỏ, chất liệu thoáng mát, phù hợp cho mùa xuân, giá khoảng hơn 600k.",Áo thun,nam,tay lửng,mùa xuân,regular,màu đỏ,hơn 600k
"Áo sơ mi nữ không tay regular màu xanh, dễ phối đồ, hợp cho mùa thu, chỉ 300 nghìn.",Áo sơ mi,nữ,không tay,mùa thu,regular,màu xanh,300 nghìn
"Áo sơ mi nữ tay ngắn màu trắng, chất liệu thoáng mát, phù hợp cho mùa hè, giá khoảng 1 triệu.",Áo sơ mi,nữ,tay ngắn,mùa hè,rộng,màu trắng,1 triệu
"Váy maxi unisex tay ngắn màu tím, chất liệu thoáng mát, phù hợp cho quanh năm, giá khoảng 300 nghìn.",Váy maxi,unisex,tay ngắn,quanh năm,regular,màu tím,300 nghìn
"Mẫu Áo hoodie unisex tay ngắn, rộng, màu hồng, phong cách thời trang mùa xuân, giá bán 200 nghìn.",Áo hoodie,unisex,tay ngắn,mùa xuân,rộng,màu hồng,200 nghìn
"Váy maxi nữ tay dài màu hồng, chất liệu thoáng mát, phù hợp cho mùa đông, giá khoảng 200 nghìn.",Váy maxi,nữ,tay dài,mùa đông,dáng suông,màu hồng,200 nghìn
"Áo sơ mi unisex tay dài màu xanh, chất liệu thoáng mát, phù hợp cho quanh năm, giá khoảng dưới 200k.",Áo sơ mi,unisex,tay dài,quanh năm,dáng suông,màu xanh,dưới 200k
"Áo sơ mi unisex không tay dáng suông màu hồng, dễ phối đồ, hợp cho mùa thu, chỉ 1 triệu.",Áo sơ mi,unisex,không tay,mùa thu,dáng suông,màu hồng,1 triệu
"Áo khoác nam tay lửng rộng màu hồng, dễ phối đồ, hợp cho quanh năm, chỉ 300 nghìn.",Áo khoác,nam,tay lửng,quanh năm,rộng,màu hồng,300 nghìn
"Quần short nam không tay dáng suông màu hồng, dễ phối đồ, hợp cho mùa đông, chỉ hơn 1 triệu.",Quần short,nam,không tay,mùa đông,dáng suông,màu hồng,hơn 1 triệu
"Váy maxi nam tay lửng màu xám, chất liệu thoáng mát, phù hợp cho mùa thu, giá khoảng 1 triệu.",Váy maxi,nam,tay lửng,mùa thu,dáng rộng,màu xám,1 triệu
"Mẫu Áo sơ mi unisex tay ngắn, dáng rộng, màu trắng, phong cách thời trang mùa đông, giá bán 200 nghìn.",Áo sơ mi,unisex,tay ngắn,mùa đông,dáng rộng,màu trắng,200 nghìn
"Áo hoodie nam tay dài regular màu trắng, dễ phối đồ, hợp cho mùa xuân, chỉ hơn 1 triệu.",Áo hoodie,nam,tay dài,mùa xuân,regular,màu trắng,hơn 1 triệu
"Chiếc Áo thun dành cho nam kiểu tay ngắn, màu màu vàng, mặc quanh năm rất thoải mái, giá 1 triệu.",Áo thun,nam,tay ngắn,quanh năm,dáng suông,màu vàng,1 triệu
"Váy maxi unisex tay ngắn dáng rộng màu vàng, dễ phối đồ, hợp cho mùa đông, chỉ hơn 600k.",Váy maxi,unisex,tay ngắn,mùa đông,dáng rộng,màu vàng,hơn 600k
"Váy maxi unisex kiểu dáng rộng màu trắng, thiết kế hợp xu hướng, dùng được mùa xuân, giá 300 nghìn.",Váy maxi,unisex,tay dài,mùa xuân,dáng rộng,màu trắng,300 nghìn
"Mẫu Áo thun nam tay lửng, regular, màu đen, phong cách thời trang mùa hè, giá bán 500 nghìn.",Áo thun,nam,tay lửng,mùa hè,regular,màu đen,500 nghìn
"Chiếc Áo sơ mi dành cho nam kiểu tay ngắn, màu màu đen, mặc mùa hè rất thoải mái, giá 500 nghìn.",Áo sơ mi,nam,tay ngắn,mùa hè,rộng,màu đen,500 nghìn
"Áo thun nữ kiểu dáng rộng màu be, thiết kế hợp xu hướng, dùng được mùa xuân, giá hơn 600k.",Áo thun,nữ,tay lửng,mùa xuân,dáng rộng,màu be,hơn 600k
"Quần short nam tay ngắn màu xanh, chất liệu thoáng mát, phù hợp cho mùa đông, giá khoảng 1 triệu.",Quần short,nam,tay ngắn,mùa đông,regular,màu xanh,1 triệu
"Quần jeans nam tay ngắn slim màu đen, dễ phối đồ, hợp cho quanh năm, chỉ 1 triệu.",Quần jeans,nam,tay ngắn,quanh năm,slim,màu đen,1 triệu
"Áo khoác nam kiểu dáng suông màu be, thiết kế hợp xu hướng, dùng được mùa xuân, giá 300 nghìn.",Áo khoác,nam,tay lửng,mùa xuân,dáng suông,màu be,300 nghìn
"Áo sơ mi nam tay dài regular màu trắng, dễ phối đồ, hợp cho mùa đông, chỉ 200 nghìn.",Áo sơ mi,nam,tay dài,mùa đông,regular,màu trắng,200 nghìn
"Mẫu Quần jeans nam tay lửng, ôm, màu trắng, phong cách thời trang mùa hè, giá bán 300 nghìn.",Quần jeans,nam,tay lửng,mùa hè,ôm,màu trắng,300 nghìn
"Váy maxi nữ tay ngắn màu đen, chất liệu thoáng mát, phù hợp cho mùa xuân, giá khoảng 1 triệu.",Váy maxi,nữ,tay ngắn,mùa xuân,ôm,màu đen,1 triệu
"Quần short nữ tay dài slim màu xám, dễ phối đồ, hợp cho mùa hè, chỉ hơn 1 triệu.",Quần short,nữ,tay dài,mùa hè,slim,màu xám,hơn 1 triệu
"Áo thun nữ kiểu regular màu đỏ, thiết kế hợp xu hướng, dùng được mùa đông, giá 500 nghìn.",Áo thun,nữ,không tay,mùa đông,regular,màu đỏ,500 nghìn
"Váy nữ kiểu slim màu vàng, thiết kế hợp xu hướng, dùng được mùa hè, giá 1 triệu.",Váy,nữ,không tay,mùa hè,slim,màu vàng,1 triệu
"Áo thun unisex kiểu dáng rộng màu đỏ, thiết kế hợp xu hướng, dùng được mùa hè, giá 300 nghìn.",Áo thun,unisex,tay lửng,mùa hè,dáng rộng,màu đỏ,300 nghìn
"Váy nữ kiểu dáng rộng màu vàng, thiết kế hợp xu hướng, dùng được mùa xuân, giá 800 nghìn.",Váy,nữ,không tay,mùa xuân,dáng rộng,màu vàng,800 nghìn
"Chiếc Áo sơ mi dành cho nữ kiểu tay dài, màu màu xám, mặc mùa đông rất thoải mái, giá 300 nghìn.",Áo sơ mi,nữ,tay dài,mùa đông,rộng,màu xám,300 nghìn
"Áo sơ mi nữ kiểu regular màu xám, thiết kế hợp xu hướng, dùng được mùa hè, giá 500 nghìn.",Áo sơ mi,nữ,tay lửng,mùa hè,regular,màu xám,500 nghìn
"Chiếc Quần short dành cho nam kiểu không tay, màu màu tím, mặc mùa đông rất thoải mái, giá 1 triệu rưỡi.",Quần short,nam,không tay,mùa đông,dáng rộng,màu tím,1 triệu rưỡi
"Áo khoác unisex tay ngắn màu xám, chất liệu thoáng mát, phù hợp cho mùa thu, giá khoảng 200 nghìn.",Áo khoác,unisex,tay ngắn,mùa thu,ôm,màu xám,200 nghìn
"Áo hoodie nam tay ngắn regular màu đỏ, dễ phối đồ, hợp cho mùa thu, chỉ 1 triệu.",Áo hoodie,nam,tay ngắn,mùa thu,regular,màu đỏ,1 triệu
"Quần jeans nam kiểu dáng rộng màu vàng, thiết kế hợp xu hướng, dùng được mùa hè, giá 500 nghìn.",Quần jeans,nam,tay ngắn,mùa hè,dáng rộng,màu vàng,500 nghìn
"Váy nam kiểu ôm màu đỏ, thiết kế hợp xu hướng, dùng được quanh năm, giá 300 nghìn.",Váy,nam,tay lửng,quanh năm,ôm,màu đỏ,300 nghìn
"Mẫu Áo hoodie unisex tay dài, regular, màu trắng, phong cách thời trang quanh năm, giá bán hơn 1 triệu.",Áo hoodie,unisex,tay dài,quanh năm,regular,màu trắng,hơn 1 triệu
"Mẫu Áo thun unisex tay ngắn, ôm, màu đỏ, phong cách thời trang mùa đông, giá bán 700 nghìn.",Áo thun,unisex,tay ngắn,mùa đông,ôm,màu đỏ,700 nghìn
"Váy nam kiểu ôm màu đỏ, thiết kế hợp xu hướng, dùng được mùa hè, giá 200 nghìn.",Váy,nam,tay lửng,mùa hè,ôm,màu đỏ,200 nghìn
"Áo khoác nam tay ngắn dáng suông màu trắng, dễ phối đồ, hợp cho mùa xuân, chỉ 700 nghìn.",Áo khoác,nam,tay ngắn,mùa xuân,dáng suông,màu trắng,700 nghìn
"Quần short unisex không tay màu trắng, chất liệu thoáng mát, phù hợp cho mùa xuân, giá khoảng 1 triệu.",Quần short,unisex,không tay,mùa xuân,ôm,màu trắng,1 triệu
"Mẫu Quần jeans nữ tay ngắn, rộng, màu đỏ, phong cách thời trang mùa đông, giá bán 800 nghìn.",Quần jeans,nữ,tay ngắn,mùa đông,rộng,màu đỏ,800 nghìn
"Váy unisex kiểu regular màu vàng, thiết kế hợp xu hướng, dùng được mùa thu, giá 1 triệu rưỡi.",Váy,unisex,không tay,mùa thu,regular,màu vàng,1 triệu rưỡi
"Áo sơ mi unisex kiểu regular màu trắng, thiết kế hợp xu hướng, dùng được mùa đông, giá 300 nghìn.",Áo sơ mi,unisex,không tay,mùa đông,regular,màu trắng,300 nghìn
"Mẫu Quần jeans unisex tay dài, ôm, màu trắng, phong cách thời trang mùa thu, giá bán hơn 600k.",Quần jeans,unisex,tay dài,mùa thu,ôm,màu trắng,hơn 600k
"Quần short nữ tay dài rộng màu trắng, dễ phối đồ, hợp cho mùa đông, chỉ 200 nghìn.",Quần short,nữ,tay dài,mùa đông,rộng,màu trắng,200 nghìn
"Chiếc Áo thun dành cho nam kiểu không tay, màu màu xanh, mặc quanh năm rất thoải mái, giá 800 nghìn.",Áo thun,nam,không tay,quanh năm,dáng suông,màu xanh,800 nghìn
"Váy maxi nữ không tay màu vàng, chất liệu thoáng mát, phù hợp cho mùa xuân, giá khoảng 1 triệu.",Váy maxi,nữ,không tay,mùa xuân,dáng rộng,màu vàng,1 triệu
"Mẫu Váy unisex tay ngắn, dáng rộng, màu đen, phong cách thời trang quanh năm, giá bán hơn 600k.",Váy,unisex,tay ngắn,quanh năm,dáng rộng,màu đen,hơn 600k
"Mẫu Áo khoác nữ tay ngắn, ôm, màu tím, phong cách thời trang mùa xuân, giá bán 1 triệu.",Áo khoác,nữ,tay ngắn,mùa xuân,ôm,màu tím,1 triệu
"Áo thun unisex không tay slim màu xanh, dễ phối đồ, hợp cho mùa thu, chỉ 700 nghìn.",Áo thun,unisex,không tay,mùa thu,slim,màu xanh,700 nghìn
"Chiếc Váy maxi dành cho unisex kiểu tay lửng, màu màu tím, mặc mùa thu rất thoải mái, giá hơn 600k.",Váy maxi,unisex,tay lửng,mùa thu,ôm,màu tím,hơn 600k
"Mẫu Váy nữ tay ngắn, dáng suông, màu hồng, phong cách thời trang quanh năm, giá bán 500 nghìn.",Váy,nữ,tay ngắn,quanh năm,dáng suông,màu hồng,500 nghìn
"Áo sơ mi nữ tay ngắn màu đen, chất liệu thoáng mát, phù hợp cho mùa thu, giá khoảng 400 nghìn.",Áo sơ mi,nữ,tay ngắn,mùa thu,regular,màu đen,400 nghìn
"Chiếc Áo thun dành cho nữ kiểu tay ngắn, màu màu đen, mặc mùa xuân rất thoải mái, giá 1 triệu.",Áo thun,nữ,tay ngắn,mùa xuân,regular,màu đen,1 triệu
"Áo khoác nam tay dài màu xanh, chất liệu thoáng mát, phù hợp cho mùa thu, giá khoảng dưới 200k.",Áo khoác,nam,tay dài,mùa thu,dáng rộng,màu xanh,dưới 200k
"Chiếc Quần jeans dành cho nam kiểu không tay, màu màu hồng, mặc mùa xuân rất thoải mái, giá hơn 600k.",Quần jeans,nam,không tay,mùa xuân,ôm,màu hồng,hơn 600k
"Quần jeans unisex không tay màu tím, chất liệu thoáng mát, phù hợp cho quanh năm, giá khoảng dưới 200k.",Quần jeans,unisex,không tay,quanh năm,ôm,màu tím,dưới 200k
"Áo sơ mi nữ kiểu ôm màu trắng, thiết kế hợp xu hướng, dùng được mùa xuân, giá 700 nghìn.",Áo sơ mi,nữ,tay ngắn,mùa xuân,ôm,màu trắng,700 nghìn
"Mẫu Quần jeans unisex không tay, regular, màu vàng, phong cách thời trang mùa xuân, giá bán 1 triệu.",Quần jeans,unisex,không tay,mùa xuân,regular,màu vàng,1 triệu
"Mẫu Áo thun unisex tay lửng, dáng suông, hoa nhí, phong cách thời trang mùa hè, giá bán 300 nghìn.",Áo thun,unisex,tay lửng,mùa hè,dáng suông,hoa nhí,300 nghìn
"Áo khoác nữ tay ngắn rộng màu be, dễ phối đồ, hợp cho quanh năm, chỉ hơn 1 triệu.",Áo khoác,nữ,tay ngắn,quanh năm,rộng,màu be,hơn 1 triệu
"Quần short nữ tay ngắn slim màu đỏ, dễ phối đồ, hợp cho quanh năm, chỉ 500 nghìn.",Quần short,nữ,tay ngắn,quanh năm,slim,màu đỏ,500 nghìn
"Áo thun nữ tay ngắn slim màu tím, dễ phối đồ, hợp cho quanh năm, chỉ dưới 200k.",Áo thun,nữ,tay ngắn,quanh năm,slim,màu tím,dưới 200k
"Quần short nữ kiểu dáng rộng màu đỏ, thiết kế hợp xu hướng, dùng được quanh năm, giá hơn 600k.",Quần short,nữ,không tay,quanh năm,dáng rộng,màu đỏ,hơn 600k
"Áo khoác nữ không tay slim màu trắng, dễ phối đồ, hợp cho mùa thu, chỉ 1 triệu rưỡi.",Áo khoác,nữ,không tay,mùa thu,slim,màu trắng,1 triệu rưỡi
"Áo hoodie nam kiểu dáng suông màu đỏ, thiết kế hợp xu hướng, dùng được quanh năm, giá 1 triệu.",Áo hoodie,nam,tay lửng,quanh năm,dáng suông,màu đỏ,1 triệu
"Chiếc Áo hoodie dành cho unisex kiểu không tay, màu màu xám, mặc mùa xuân rất thoải mái, giá hơn 600k.",Áo hoodie,unisex,không tay,mùa xuân,dáng rộng,màu xám,hơn 600k
"Quần short unisex không tay màu đỏ, chất liệu thoáng mát, phù hợp cho mùa xuân, giá khoảng hơn 1 triệu.",Quần short,unisex,không tay,mùa xuân,rộng,màu đỏ,hơn 1 triệu
"Chiếc Quần short dành cho unisex kiểu tay ngắn, màu màu trắng, mặc quanh năm rất thoải mái, giá 200 nghìn.",Quần short,unisex,tay ngắn,quanh năm,regular,màu trắng,200 nghìn
"Áo sơ mi nam tay ngắn regular màu trắng, dễ phối đồ, hợp cho mùa thu, chỉ 200 nghìn.",Áo sơ mi,nam,tay ngắn,mùa thu,regular,màu trắng,200 nghìn
"Mẫu Quần short unisex không tay, rộng, màu trắng, phong cách thời trang mùa xuân, giá bán hơn 1 triệu.",Quần short,unisex,không tay,mùa xuân,rộng,màu trắng,hơn 1 triệu
"Áo hoodie nam kiểu ôm màu đen, thiết kế hợp xu hướng, dùng được mùa hè, giá 200 nghìn.",Áo hoodie,nam,tay dài,mùa hè,ôm,màu đen,200 nghìn
"Chiếc Áo sơ mi dành cho nam kiểu tay ngắn, màu màu xám, mặc mùa xuân rất thoải mái, giá hơn 600k.",Áo sơ mi,nam,tay ngắn,mùa xuân,regular,màu xám,hơn 600k
"Chiếc Váy dành cho nữ kiểu không tay, màu màu xám, mặc quanh năm rất thoải mái, giá 400 nghìn.",Váy,nữ,không tay,quanh năm,slim,màu xám,400 nghìn
"Quần jeans nam tay ngắn ôm màu tím, dễ phối đồ, hợp cho mùa hè, chỉ 800 nghìn.",Quần jeans,nam,tay ngắn,mùa hè,ôm,màu tím,800 nghìn
"Mẫu Quần jeans nữ không tay, dáng suông, màu be, phong cách thời trang mùa đông, giá bán 1 triệu rưỡi.",Quần jeans,nữ,không tay,mùa đông,dáng suông,màu be,1 triệu rưỡi
"Áo khoác unisex kiểu rộng màu hồng, thiết kế hợp xu hướng, dùng được mùa hè, giá 1 triệu rưỡi.",Áo khoác,unisex,tay dài,mùa hè,rộng,màu hồng,1 triệu rưỡi
"Váy unisex tay lửng slim hoa nhí, dễ phối đồ, hợp cho quanh năm, chỉ 700 nghìn.",Váy,unisex,tay lửng,quanh năm,slim,hoa nhí,700 nghìn
"Chiếc Váy dành cho nam kiểu tay lửng, màu màu đỏ, mặc quanh năm rất thoải mái, giá 500 nghìn.",Váy,nam,tay lửng,quanh năm,rộng,màu đỏ,500 nghìn
"Áo sơ mi unisex tay ngắn regular màu đen, dễ phối đồ, hợp cho mùa xuân, chỉ 200 nghìn.",Áo sơ mi,unisex,tay ngắn,mùa xuân,regular,màu đen,200 nghìn
"Chiếc Áo thun dành cho nam kiểu tay ngắn, màu màu trắng, mặc mùa đông rất thoải mái, giá 300 nghìn.",Áo thun,nam,tay ngắn,mùa đông,dáng suông,màu trắng,300 nghìn
"Chiếc Váy dành cho nữ kiểu tay ngắn, màu màu vàng, mặc mùa thu rất thoải mái, giá 300 nghìn.",Váy,nữ,tay ngắn,mùa thu,regular,màu vàng,300 nghìn
"Chiếc Áo sơ mi dành cho nam kiểu tay dài, màu màu đỏ, mặc quanh năm rất thoải mái, giá 1 triệu.",Áo sơ mi,nam,tay dài,quanh năm,rộng,màu đỏ,1 triệu
"Mẫu Váy nữ không tay, dáng suông, màu tím, phong cách thời trang quanh năm, giá bán dưới 200k.",Váy,nữ,không tay,quanh năm,dáng suông,màu tím,dưới 200k
"Quần short nữ tay dài regular màu đen, dễ phối đồ, hợp cho mùa xuân, chỉ 400 nghìn.",Quần short,nữ,tay dài,mùa xuân,regular,màu đen,400 nghìn
"Áo khoác unisex kiểu dáng rộng màu đỏ, thiết kế hợp xu hướng, dùng được quanh năm, giá 1 triệu rưỡi.",Áo khoác,unisex,tay lửng,quanh năm,dáng rộng,màu đỏ,1 triệu rưỡi
"Chiếc Áo hoodie dành cho unisex kiểu tay lửng, màu màu xanh, mặc mùa xuân rất thoải mái, giá 300 nghìn.",Áo hoodie,unisex,tay lửng,mùa xuân,dáng rộng,màu xanh,300 nghìn
"Áo khoác nữ kiểu dáng rộng màu xám, thiết kế hợp xu hướng, dùng được mùa xuân, giá 500 nghìn.",Áo khoác,nữ,tay lửng,mùa xuân,dáng rộng,màu xám,500 nghìn
"Quần short unisex tay lửng dáng suông màu đen, dễ phối đồ, hợp cho mùa hè, chỉ 800 nghìn.",Quần short,unisex,tay lửng,mùa hè,dáng suông,màu đen,800 nghìn
"Mẫu Váy nam tay lửng, ôm, màu hồng, phong cách thời trang quanh năm, giá bán 800 nghìn.",Váy,nam,tay lửng,quanh năm,ôm,màu hồng,800 nghìn
"Mẫu Quần jeans nữ không tay, ôm, màu đỏ, phong cách thời trang mùa xuân, giá bán hơn 1 triệu.",Quần jeans,nữ,không tay,mùa xuân,ôm,màu đỏ,hơn 1 triệu
"Mẫu Váy maxi nam tay dài, dáng suông, màu đen, phong cách thời trang mùa xuân, giá bán 800 nghìn.",Váy maxi,nam,tay dài,mùa xuân,dáng suông,màu đen,800 nghìn
"Chiếc Váy dành cho nữ kiểu không tay, màu màu xám, mặc mùa hè rất thoải mái, giá 500 nghìn.",Váy,nữ,không tay,mùa hè,slim,màu xám,500 nghìn
"Quần short unisex kiểu rộng màu vàng, thiết kế hợp xu hướng, dùng được quanh năm, giá hơn 1 triệu.",Quần short,unisex,không tay,quanh năm,rộng,màu vàng,hơn 1 triệu
"Mẫu Quần short unisex tay ngắn, regular, màu tím, phong cách thời trang mùa thu, giá bán 300 nghìn.",Quần short,unisex,tay ngắn,mùa thu,regular,màu tím,300 nghìn
"Áo khoác nữ kiểu dáng rộng màu be, thiết kế hợp xu hướng, dùng được mùa đông, giá 400 nghìn.",Áo khoác,nữ,tay dài,mùa đông,dáng rộng,màu be,400 nghìn
"Mẫu Váy nữ tay ngắn, dáng suông, màu tím, phong cách thời trang mùa đông, giá bán 500 nghìn.",Váy,nữ,tay ngắn,mùa đông,dáng suông,màu tím,500 nghìn
"Mẫu Váy nữ không tay, ôm, màu đen, phong cách thời trang mùa xuân, giá bán hơn 600k.",Váy,nữ,không tay,mùa xuân,ôm,màu đen,hơn 600k
"Chiếc Áo sơ mi dành cho unisex kiểu tay lửng, màu hoa nhí, mặc mùa thu rất thoải mái, giá hơn 600k.",Áo sơ mi,unisex,tay lửng,mùa thu,slim,hoa nhí,hơn 600k
"Áo khoác nữ tay dài màu hồng, chất liệu thoáng mát, phù hợp cho mùa đông, giá khoảng 700 nghìn.",Áo khoác,nữ,tay dài,mùa đông,dáng suông,màu hồng,700 nghìn
"Áo sơ mi nam kiểu dáng suông màu hồng, thiết kế hợp xu hướng, dùng được mùa xuân, giá 800 nghìn.",Áo sơ mi,nam,tay lửng,mùa xuân,dáng suông,màu hồng,800 nghìn
"Áo thun unisex kiểu dáng rộng màu xám, thiết kế hợp xu hướng, dùng được mùa xuân, giá 1 triệu rưỡi.",Áo thun,unisex,tay dài,mùa xuân,dáng rộng,màu xám,1 triệu rưỡi
"Áo sơ mi nam tay ngắn dáng rộng hoa nhí, dễ phối đồ, hợp cho mùa hè, chỉ 700 nghìn.",Áo sơ mi,nam,tay ngắn,mùa hè,dáng rộng,hoa nhí,700 nghìn
"Váy unisex không tay ôm màu hồng, dễ phối đồ, hợp cho mùa đông, chỉ 400 nghìn.",Váy,unisex,không tay,mùa đông,ôm,màu hồng,400 nghìn
"Áo hoodie nam tay ngắn rộng màu đỏ, dễ phối đồ, hợp cho mùa thu, chỉ 300 nghìn.",Áo hoodie,nam,tay ngắn,mùa thu,rộng,màu đỏ,300 nghìn
"Áo khoác nam tay lửng dáng suông màu hồng, dễ phối đồ, hợp cho mùa xuân, chỉ 500 nghìn.",Áo khoác,nam,tay lửng,mùa xuân,dáng suông,màu hồng,500 nghìn
"Váy nam kiểu dáng rộng màu xám, thiết kế hợp xu hướng, dùng được mùa thu, giá 300 nghìn.",Váy,nam,không tay,mùa thu,dáng rộng,màu xám,300 nghìn
"Áo sơ mi nữ tay lửng ôm màu xanh, dễ phối đồ, hợp cho mùa thu, chỉ hơn 1 triệu.",Áo sơ mi,nữ,tay lửng,mùa thu,ôm,màu xanh,hơn 1 triệu
"Mẫu Áo thun nữ tay lửng, dáng suông, màu be, phong cách thời trang mùa xuân, giá bán 800 nghìn.",Áo thun,nữ,tay lửng,mùa xuân,dáng suông,màu be,800 nghìn
"Chiếc Áo thun dành cho unisex kiểu tay dài, màu màu tím, mặc mùa đông rất thoải mái, giá 800 nghìn.",Áo thun,unisex,tay dài,mùa đông,dáng suông,màu tím,800 nghìn
"Chiếc Áo hoodie dành cho nữ kiểu không tay, màu màu vàng, mặc mùa thu rất thoải mái, giá hơn 1 triệu.",Áo hoodie,nữ,không tay,mùa thu,slim,màu vàng,hơn 1 triệu
"Áo sơ mi unisex không tay màu be, chất liệu thoáng mát, phù hợp cho mùa đông, giá khoảng 1 triệu.",Áo sơ mi,unisex,không tay,mùa đông,rộng,màu be,1 triệu
"Váy maxi unisex tay dài màu xám, chất liệu thoáng mát, phù hợp cho mùa xuân, giá khoảng hơn 600k.",Váy maxi,unisex,tay dài,mùa xuân,dáng rộng,màu xám,hơn 600k
"Mẫu Quần short unisex tay lửng, dáng rộng, màu vàng, phong cách thời trang quanh năm, giá bán 200 nghìn.",Quần short,unisex,tay lửng,quanh năm,dáng rộng,màu vàng,200 nghìn
"Váy maxi nữ tay ngắn màu tím, chất liệu thoáng mát, phù hợp cho quanh năm, giá khoảng 300 nghìn.",Váy maxi,nữ,tay ngắn,quanh năm,dáng rộng,màu tím,300 nghìn
"Váy nữ tay dài regular màu trắng, dễ phối đồ, hợp cho mùa đông, chỉ dưới 200k.",Váy,nữ,tay dài,mùa đông,regular,màu trắng,dưới 200k
"Quần short unisex tay lửng màu đỏ, chất liệu thoáng mát, phù hợp cho mùa xuân, giá khoảng 700 nghìn.",Quần short,unisex,tay lửng,mùa xuân,slim,màu đỏ,700 nghìn
"Chiếc Váy dành cho unisex kiểu không tay, màu màu vàng, mặc mùa thu rất thoải mái, giá 800 nghìn.",Váy,unisex,không tay,mùa thu,slim,màu vàng,800 nghìn
"Chiếc Áo sơ mi dành cho nữ kiểu tay ngắn, màu màu vàng, mặc mùa xuân rất thoải mái, giá hơn 1 triệu.",Áo sơ mi,nữ,tay ngắn,mùa xuân,ôm,màu vàng,hơn 1 triệu
"Mẫu Áo sơ mi nam tay lửng, dáng suông, màu vàng, phong cách thời trang quanh năm, giá bán hơn 1 triệu.",Áo sơ mi,nam,tay lửng,quanh năm,dáng suông,màu vàng,hơn 1 triệu
"Quần short unisex tay lửng slim màu hồng, dễ phối đồ, hợp cho quanh năm, chỉ dưới 200k.",Quần short,unisex,tay lửng,quanh năm,slim,màu hồng,dưới 200k
"Mẫu Váy maxi nữ tay ngắn, rộng, màu vàng, phong cách thời trang mùa hè, giá bán dưới 200k.",Váy maxi,nữ,tay ngắn,mùa hè,rộng,màu vàng,dưới 200k
"Mẫu Quần jeans nam tay ngắn, rộng, màu xanh, phong cách thời trang mùa thu, giá bán hơn 600k.",Quần jeans,nam,tay ngắn,mùa thu,rộng,màu xanh,hơn 600k
"Quần short nam tay ngắn slim màu hồng, dễ phối đồ, hợp cho quanh năm, chỉ 200 nghìn.",Quần short,nam,tay ngắn,quanh năm,slim,màu hồng,200 nghìn
"Mẫu Váy unisex tay dài, dáng rộng, màu đỏ, phong cách thời trang quanh năm, giá bán 300 nghìn.",Váy,unisex,tay dài,quanh năm,dáng rộng,màu đỏ,300 nghìn
"Váy maxi unisex kiểu rộng màu be, thiết kế hợp xu hướng, dùng được mùa đông, giá 700 nghìn.",Váy maxi,unisex,tay ngắn,mùa đông,rộng,màu be,700 nghìn
"Váy maxi unisex tay lửng dáng rộng màu xanh, dễ phối đồ, hợp cho mùa xuân, chỉ 500 nghìn.",Váy maxi,unisex,tay lửng,mùa xuân,dáng rộng,màu xanh,500 nghìn
"Chiếc Váy dành cho unisex kiểu tay dài, màu hoa nhí, mặc quanh năm rất thoải mái, giá 800 nghìn.",Váy,unisex,tay dài,quanh năm,dáng suông,hoa nhí,800 nghìn
"Áo thun nữ tay ngắn slim màu xám, dễ phối đồ, hợp cho quanh năm, chỉ dưới 200k.",Áo thun,nữ,tay ngắn,quanh năm,slim,màu xám,dưới 200k
"Áo khoác nữ tay dài màu xám, chất liệu thoáng mát, phù hợp cho mùa thu, giá khoảng hơn 1 triệu.",Áo khoác,nữ,tay dài,mùa thu,slim,màu xám,hơn 1 triệu
"Mẫu Quần short nữ tay lửng, rộng, màu hồng, phong cách thời trang mùa đông, giá bán dưới 200k.",Quần short,nữ,tay lửng,mùa đông,rộng,màu hồng,dưới 200k
"Áo hoodie nữ kiểu dáng rộng màu tím, thiết kế hợp xu hướng, dùng được mùa xuân, giá 400 nghìn.",Áo hoodie,nữ,tay ngắn,mùa xuân,dáng rộng,màu tím,400 nghìn
"Quần jeans nữ kiểu rộng hoa nhí, thiết kế hợp xu hướng, dùng được mùa hè, giá 200 nghìn.",Quần jeans,nữ,tay dài,mùa hè,rộng,hoa nhí,200 nghìn
"Áo thun nữ tay dài màu xám, chất liệu thoáng mát, phù hợp cho mùa hè, giá khoảng 1 triệu.",Áo thun,nữ,tay dài,mùa hè,dáng rộng,màu xám,1 triệu
"Áo hoodie unisex không tay ôm hoa nhí, dễ phối đồ, hợp cho mùa đông, chỉ 200 nghìn.",Áo hoodie,unisex,không tay,mùa đông,ôm,hoa nhí,200 nghìn
"Áo sơ mi unisex tay dài ôm màu xanh, dễ phối đồ, hợp cho mùa thu, chỉ 300 nghìn.",Áo sơ mi,unisex,tay dài,mùa thu,ôm,màu xanh,300 nghìn
"Áo khoác nam kiểu dáng suông màu vàng, thiết kế hợp xu hướng, dùng được mùa thu, giá dưới 200k.",Áo khoác,nam,tay lửng,mùa thu,dáng suông,màu vàng,dưới 200k
"Mẫu Quần jeans nam tay ngắn, regular, màu hồng, phong cách thời trang mùa hè, giá bán 200 nghìn.",Quần jeans,nam,tay ngắn,mùa hè,regular,màu hồng,200 nghìn
"Váy maxi nữ kiểu regular màu tím, thiết kế hợp xu hướng, dùng được mùa thu, giá 1 triệu.",Váy maxi,nữ,tay dài,mùa thu,regular,màu tím,1 triệu
"Quần jeans nam tay ngắn màu tím, chất liệu thoáng mát, phù hợp cho quanh năm, giá khoảng 200 nghìn.",Quần jeans,nam,tay ngắn,quanh năm,dáng rộng,màu tím,200 nghìn
"Quần short nữ tay dài dáng suông màu trắng, dễ phối đồ, hợp cho quanh năm, chỉ hơn 600k.",Quần short,nữ,tay dài,quanh năm,dáng suông,màu trắng,hơn 600k
"Váy maxi nữ tay dài slim hoa nhí, dễ phối đồ, hợp cho quanh năm, chỉ 500 nghìn.",Váy maxi,nữ,tay dài,quanh năm,slim,hoa nhí,500 nghìn
"Quần short nữ kiểu dáng suông màu vàng, thiết kế hợp xu hướng, dùng được mùa hè, giá 1 triệu.",Quần short,nữ,tay dài,mùa hè,dáng suông,màu vàng,1 triệu
"Váy maxi nữ kiểu dáng rộng màu be, thiết kế hợp xu hướng, dùng được quanh năm, giá 400 nghìn.",Váy maxi,nữ,tay ngắn,quanh năm,dáng rộng,màu be,400 nghìn
"Váy unisex tay dài màu be, chất liệu thoáng mát, phù hợp cho mùa hè, giá khoảng 1 triệu rưỡi.",Váy,unisex,tay dài,mùa hè,dáng rộng,màu be,1 triệu rưỡi
"Áo hoodie unisex kiểu ôm màu đen, thiết kế hợp xu hướng, dùng được mùa xuân, giá 1 triệu.",Áo hoodie,unisex,không tay,mùa xuân,ôm,màu đen,1 triệu
"Áo thun unisex tay dài màu xanh, chất liệu thoáng mát, phù hợp cho mùa xuân, giá khoảng 1 triệu.",Áo thun,unisex,tay dài,mùa xuân,slim,màu xanh,1 triệu
"Váy nam tay lửng regular màu đen, dễ phối đồ, hợp cho quanh năm, chỉ dưới 200k.",Váy,nam,tay lửng,quanh năm,regular,màu đen,dưới 200k
"Áo sơ mi nam tay ngắn màu be, chất liệu thoáng mát, phù hợp cho mùa đông, giá khoảng 700 nghìn.",Áo sơ mi,nam,tay ngắn,mùa đông,regular,màu be,700 nghìn
"Váy unisex kiểu dáng rộng màu trắng, thiết kế hợp xu hướng, dùng được mùa đông, giá 800 nghìn.",Váy,unisex,tay lửng,mùa đông,dáng rộng,màu trắng,800 nghìn
"Quần short nữ kiểu dáng rộng màu trắng, thiết kế hợp xu hướng, dùng được mùa xuân, giá 300 nghìn.",Quần short,nữ,tay ngắn,mùa xuân,dáng rộng,màu trắng,300 nghìn
"Áo sơ mi unisex kiểu ôm màu trắng, thiết kế hợp xu hướng, dùng được mùa xuân, giá hơn 600k.",Áo sơ mi,unisex,tay dài,mùa xuân,ôm,màu trắng,hơn 600k
"Chiếc Quần jeans dành cho nữ kiểu tay lửng, màu màu trắng, mặc mùa thu rất thoải mái, giá hơn 1 triệu.",Quần jeans,nữ,tay lửng,mùa thu,regular,màu trắng,hơn 1 triệu
"Áo khoác unisex tay ngắn hoa nhí, chất liệu thoáng mát, phù hợp cho quanh năm, giá khoảng hơn 1 triệu.",Áo khoác,unisex,tay ngắn,quanh năm,dáng rộng,hoa nhí,hơn 1 triệu
"Áo khoác unisex kiểu regular màu đỏ, thiết kế hợp xu hướng, dùng được mùa đông, giá dưới 200k.",Áo khoác,unisex,tay lửng,mùa đông,regular,màu đỏ,dưới 200k
"Mẫu Áo hoodie nam tay dài, ôm, màu xám, phong cách thời trang mùa đông, giá bán 200 nghìn.",Áo hoodie,nam,tay dài,mùa đông,ôm,màu xám,200 nghìn
"Áo hoodie unisex tay lửng màu đen, chất liệu thoáng mát, phù hợp cho mùa hè, giá khoảng 1 triệu.",Áo hoodie,unisex,tay lửng,mùa hè,regular,màu đen,1 triệu
"Chiếc Áo hoodie dành cho unisex kiểu tay dài, màu màu trắng, mặc mùa đông rất thoải mái, giá 200 nghìn.",Áo hoodie,unisex,tay dài,mùa đông,dáng rộng,màu trắng,200 nghìn
"Quần jeans unisex kiểu ôm màu đen, thiết kế hợp xu hướng, dùng được mùa thu, giá dưới 200k.",Quần jeans,unisex,tay lửng,mùa thu,ôm,màu đen,dưới 200k
"Váy maxi unisex kiểu dáng suông màu hồng, thiết kế hợp xu hướng, dùng được mùa xuân, giá 800 nghìn.",Váy maxi,unisex,tay dài,mùa xuân,dáng suông,màu hồng,800 nghìn
"Mẫu Quần short nam tay dài, dáng rộng, màu đỏ, phong cách thời trang mùa đông, giá bán 400 nghìn.",Quần short,nam,tay dài,mùa đông,dáng rộng,màu đỏ,400 nghìn
"Chiếc Áo hoodie dành cho nam kiểu tay dài, màu màu trắng, mặc mùa hè rất thoải mái, giá 400 nghìn.",Áo hoodie,nam,tay dài,mùa hè,ôm,màu trắng,400 nghìn
"Váy maxi nữ tay lửng màu xanh, chất liệu thoáng mát, phù hợp cho mùa hè, giá khoảng 400 nghìn.",Váy maxi,nữ,tay lửng,mùa hè,dáng suông,màu xanh,400 nghìn
"Quần jeans nữ kiểu rộng màu hồng, thiết kế hợp xu hướng, dùng được mùa đông, giá 1 triệu rưỡi.",Quần jeans,nữ,tay dài,mùa đông,rộng,màu hồng,1 triệu rưỡi
"Váy nữ không tay hoa nhí, chất liệu thoáng mát, phù hợp cho quanh năm, giá khoảng 300 nghìn.",Váy,nữ,không tay,quanh năm,rộng,hoa nhí,300 nghìn
"Áo sơ mi nam tay dài màu đỏ, chất liệu thoáng mát, phù hợp cho quanh năm, giá khoảng 400 nghìn.",Áo sơ mi,nam,tay dài,quanh năm,regular,màu đỏ,400 nghìn
"Áo thun unisex kiểu regular màu tím, thiết kế hợp xu hướng, dùng được mùa xuân, giá hơn 1 triệu.",Áo thun,unisex,không tay,mùa xuân,regular,màu tím,hơn 1 triệu
"Áo hoodie nam kiểu dáng rộng màu vàng, thiết kế hợp xu hướng, dùng được quanh năm, giá dưới 200k.",Áo hoodie,nam,tay ngắn,quanh năm,dáng rộng,màu vàng,dưới 200k
"Áo khoác unisex không tay màu xám, chất liệu thoáng mát, phù hợp cho mùa xuân, giá khoảng 300 nghìn.",Áo khoác,unisex,không tay,mùa xuân,rộng,màu xám,300 nghìn
"Quần jeans nam tay dài màu đỏ, chất liệu thoáng mát, phù hợp cho mùa hè, giá khoảng 500 nghìn.",Quần jeans,nam,tay dài,mùa hè,slim,màu đỏ,500 nghìn
"Chiếc Quần short dành cho unisex kiểu tay lửng, màu màu trắng, mặc mùa đông rất thoải mái, giá dưới 200k.",Quần short,unisex,tay lửng,mùa đông,slim,màu trắng,dưới 200k
"Áo khoác unisex kiểu rộng màu tím, thiết kế hợp xu hướng, dùng được mùa thu, giá 500 nghìn.",Áo khoác,unisex,tay ngắn,mùa thu,rộng,màu tím,500 nghìn
"Mẫu Quần jeans nữ tay ngắn, slim, màu xanh, phong cách thời trang mùa đông, giá bán hơn 600k.",Quần jeans,nữ,tay ngắn,mùa đông,slim,màu xanh,hơn 600k
"Chiếc Váy maxi dành cho nữ kiểu không tay, màu màu trắng, mặc mùa xuân rất thoải mái, giá hơn 600k.",Váy maxi,nữ,không tay,mùa xuân,dáng rộng,màu trắng,hơn 600k
"Quần jeans nữ tay ngắn màu be, chất liệu thoáng mát, phù hợp cho mùa thu, giá khoảng hơn 1 triệu.",Quần jeans,nữ,tay ngắn,mùa thu,slim,màu be,hơn 1 triệu
"Chiếc Váy dành cho nữ kiểu tay dài, màu màu xanh, mặc mùa đông rất thoải mái, giá 800 nghìn.",Váy,nữ,tay dài,mùa đông,slim,màu xanh,800 nghìn
"Áo sơ mi nữ không tay màu xám, chất liệu thoáng mát, phù hợp cho mùa thu, giá khoảng dưới 200k.",Áo sơ mi,nữ,không tay,mùa thu,dáng suông,màu xám,dưới 200k
"Chiếc Quần jeans dành cho nam kiểu tay lửng, màu màu vàng, mặc mùa hè rất thoải mái, giá 1 triệu rưỡi.",Quần jeans,nam,tay lửng,mùa hè,ôm,màu vàng,1 triệu rưỡi
"Áo sơ mi unisex không tay slim màu hồng, dễ phối đồ, hợp cho mùa đông, chỉ 300 nghìn.",Áo sơ mi,unisex,không tay,mùa đông,slim,màu hồng,300 nghìn
"Áo sơ mi unisex tay ngắn màu xám, chất liệu thoáng mát, phù hợp cho quanh năm, giá khoảng 200 nghìn.",Áo sơ mi,unisex,tay ngắn,quanh năm,slim,màu xám,200 nghìn
"Váy maxi nữ tay dài slim màu vàng, dễ phối đồ, hợp cho quanh năm, chỉ 300 nghìn.",Váy maxi,nữ,tay dài,quanh năm,slim,màu vàng,300 nghìn
"Áo hoodie nam tay dài màu tím, chất liệu thoáng mát, phù hợp cho mùa đông, giá khoảng 400 nghìn.",Áo hoodie,nam,tay dài,mùa đông,rộng,màu tím,400 nghìn
"Áo thun nam tay dài ôm màu đỏ, dễ phối đồ, hợp cho mùa đông, chỉ 1 triệu.",Áo thun,nam,tay dài,mùa đông,ôm,màu đỏ,1 triệu
"Chiếc Váy maxi dành cho unisex kiểu tay ngắn, màu màu xanh, mặc quanh năm rất thoải mái, giá hơn 600k.",Váy maxi,unisex,tay ngắn,quanh năm,dáng suông,màu xanh,hơn 600k
"Mẫu Quần jeans nam không tay, ôm, màu be, phong cách thời trang mùa hè, giá bán hơn 1 triệu.",Quần jeans,nam,không tay,mùa hè,ôm,màu be,hơn 1 triệu
"Quần short nữ tay lửng màu be, chất liệu thoáng mát, phù hợp cho mùa đông, giá khoảng 800 nghìn.",Quần short,nữ,tay lửng,mùa đông,dáng suông,màu be,800 nghìn
"Chiếc Váy maxi dành cho unisex kiểu không tay, màu màu vàng, mặc mùa đông rất thoải mái, giá 200 nghìn.",Váy maxi,unisex,không tay,mùa đông,regular,màu vàng,200 nghìn
"Chiếc Áo hoodie dành cho nam kiểu tay lửng, màu hoa nhí, mặc mùa xuân rất thoải mái, giá 300 nghìn.",Áo hoodie,nam,tay lửng,mùa xuân,slim,hoa nhí,300 nghìn
"Chiếc Áo sơ mi dành cho unisex kiểu tay dài, màu màu xám, mặc mùa hè rất thoải mái, giá 200 nghìn.",Áo sơ mi,unisex,tay dài,mùa hè,ôm,màu xám,200 nghìn
"Áo khoác unisex kiểu regular hoa nhí, thiết kế hợp xu hướng, dùng được mùa thu, giá 500 nghìn.",Áo khoác,unisex,không tay,mùa thu,regular,hoa nhí,500 nghìn
"Chiếc Áo sơ mi dành cho nam kiểu tay dài, màu màu be, mặc quanh năm rất thoải mái, giá 700 nghìn.",Áo sơ mi,nam,tay dài,quanh năm,ôm,màu be,700 nghìn
"Áo hoodie nam tay dài màu tím, chất liệu thoáng mát, phù hợp cho mùa hè, giá khoảng 400 nghìn.",Áo hoodie,nam,tay dài,mùa hè,dáng rộng,màu tím,400 nghìn
"Áo khoác nam kiểu slim màu trắng, thiết kế hợp xu hướng, dùng được mùa thu, giá hơn 600k.",Áo khoác,nam,tay dài,mùa thu,slim,màu trắng,hơn 600k
"Váy unisex tay lửng màu xanh, chất liệu thoáng mát, phù hợp cho mùa thu, giá khoảng hơn 600k.",Váy,unisex,tay lửng,mùa thu,ôm,màu xanh,hơn 600k
"Váy nữ tay dài màu vàng, chất liệu thoáng mát, phù hợp cho mùa đông, giá khoảng hơn 1 triệu.",Váy,nữ,tay dài,mùa đông,slim,màu vàng,hơn 1 triệu
"Áo sơ mi unisex tay dài regular màu tím, dễ phối đồ, hợp cho mùa xuân, chỉ 800 nghìn.",Áo sơ mi,unisex,tay dài,mùa xuân,regular,màu tím,800 nghìn
"Áo khoác nam tay lửng màu trắng, chất liệu thoáng mát, phù hợp cho mùa thu, giá khoảng dưới 200k.",Áo khoác,nam,tay lửng,mùa thu,rộng,màu trắng,dưới 200k
"Chiếc Áo sơ mi dành cho unisex kiểu tay lửng, màu màu đỏ, mặc mùa đông rất thoải mái, giá 300 nghìn.",Áo sơ mi,unisex,tay lửng,mùa đông,ôm,màu đỏ,300 nghìn
"Chiếc Áo hoodie dành cho nam kiểu không tay, màu màu trắng, mặc mùa đông rất thoải mái, giá 300 nghìn.",Áo hoodie,nam,không tay,mùa đông,dáng suông,màu trắng,300 nghìn
"Áo khoác unisex không tay màu tím, chất liệu thoáng mát, phù hợp cho mùa hè, giá khoảng dưới 200k.",Áo khoác,unisex,không tay,mùa hè,dáng rộng,màu tím,dưới 200k
"Quần jeans nam kiểu regular màu hồng, thiết kế hợp xu hướng, dùng được mùa hè, giá hơn 600k.",Quần jeans,nam,không tay,mùa hè,regular,màu hồng,hơn 600k
"Chiếc Quần jeans dành cho nữ kiểu không tay, màu màu trắng, mặc mùa hè rất thoải mái, giá 300 nghìn.",Quần jeans,nữ,không tay,mùa hè,regular,màu trắng,300 nghìn
"Váy maxi unisex tay lửng rộng màu be, dễ phối đồ, hợp cho quanh năm, chỉ dưới 200k.",Váy maxi,unisex,tay lửng,quanh năm,rộng,màu be,dưới 200k
"Quần short nam tay lửng dáng suông màu trắng, dễ phối đồ, hợp cho mùa hè, chỉ 700 nghìn.",Quần short,nam,tay lửng,mùa hè,dáng suông,màu trắng,700 nghìn
"Váy nữ không tay slim màu trắng, dễ phối đồ, hợp cho mùa đông, chỉ 1 triệu rưỡi.",Váy,nữ,không tay,mùa đông,slim,màu trắng,1 triệu rưỡi
"Áo khoác nữ kiểu ôm màu xanh, thiết kế hợp xu hướng, dùng được quanh năm, giá hơn 1 triệu.",Áo khoác,nữ,tay dài,quanh năm,ôm,màu xanh,hơn 1 triệu
"Mẫu Quần jeans unisex không tay, slim, màu trắng, phong cách thời trang mùa xuân, giá bán hơn 1 triệu.",Quần jeans,unisex,không tay,mùa xuân,slim,màu trắng,hơn 1 triệu
"Áo thun nữ kiểu ôm màu đỏ, thiết kế hợp xu hướng, dùng được mùa hè, giá 400 nghìn.",Áo thun,nữ,tay dài,mùa hè,ôm,màu đỏ,400 nghìn
"Mẫu Áo sơ mi nam tay ngắn, rộng, màu trắng, phong cách thời trang quanh năm, giá bán 200 nghìn.",Áo sơ mi,nam,tay ngắn,quanh năm,rộng,màu trắng,200 nghìn
"Chiếc Áo khoác dành cho nam kiểu tay ngắn, màu màu xanh, mặc mùa thu rất thoải mái, giá hơn 600k.",Áo khoác,nam,tay ngắn,mùa thu,regular,màu xanh,hơn 600k
"Chiếc Áo hoodie dành cho unisex kiểu tay dài, màu màu hồng, mặc mùa thu rất thoải mái, giá hơn 1 triệu.",Áo hoodie,unisex,tay dài,mùa thu,regular,màu hồng,hơn 1 triệu
"Áo sơ mi nữ kiểu regular màu xanh, thiết kế hợp xu hướng, dùng được mùa thu, giá 200 nghìn.",Áo sơ mi,nữ,không tay,mùa thu,regular,màu xanh,200 nghìn
"Chiếc Áo hoodie dành cho nữ kiểu không tay, màu màu đen, mặc mùa hè rất thoải mái, giá 700 nghìn.",Áo hoodie,nữ,không tay,mùa hè,rộng,màu đen,700 nghìn
"Mẫu Quần jeans unisex không tay, slim, màu tím, phong cách thời trang mùa đông, giá bán hơn 1 triệu.",Quần jeans,unisex,không tay,mùa đông,slim,màu tím,hơn 1 triệu
"Quần jeans unisex tay lửng màu hồng, chất liệu thoáng mát, phù hợp cho mùa hè, giá khoảng 800 nghìn.",Quần jeans,unisex,tay lửng,mùa hè,ôm,màu hồng,800 nghìn
"Chiếc Áo hoodie dành cho nam kiểu tay ngắn, màu màu đỏ, mặc quanh năm rất thoải mái, giá hơn 1 triệu.",Áo hoodie,nam,tay ngắn,quanh năm,regular,màu đỏ,hơn 1 triệu
"Chiếc Quần short dành cho nam kiểu tay lửng, màu màu đen, mặc mùa thu rất thoải mái, giá 300 nghìn.",Quần short,nam,tay lửng,mùa thu,dáng suông,màu đen,300 nghìn
"Váy unisex kiểu ôm màu tím, thiết kế hợp xu hướng, dùng được mùa thu, giá 500 nghìn.",Váy,unisex,tay dài,mùa thu,ôm,màu tím,500 nghìn
"Quần jeans nữ tay dài hoa nhí, chất liệu thoáng mát, phù hợp cho mùa thu, giá khoảng 200 nghìn.",Quần jeans,nữ,tay dài,mùa thu,dáng suông,hoa nhí,200 nghìn
"Áo thun nam kiểu rộng màu đỏ, thiết kế hợp xu hướng, dùng được mùa xuân, giá 200 nghìn.",Áo thun,nam,tay lửng,mùa xuân,rộng,màu đỏ,200 nghìn
"Quần short nữ không tay màu hồng, chất liệu thoáng mát, phù hợp cho mùa xuân, giá khoảng 700 nghìn.",Quần short,nữ,không tay,mùa xuân,slim,màu hồng,700 nghìn
"Quần jeans nữ tay ngắn màu tím, chất liệu thoáng mát, phù hợp cho quanh năm, giá khoảng 1 triệu.",Quần jeans,nữ,tay ngắn,quanh năm,regular,màu tím,1 triệu
"Quần short nữ tay dài regular màu vàng, dễ phối đồ, hợp cho mùa xuân, chỉ 200 nghìn.",Quần short,nữ,tay dài,mùa xuân,regular,màu vàng,200 nghìn
"Áo thun nam tay lửng màu vàng, chất liệu thoáng mát, phù hợp cho mùa đông, giá khoảng 400 nghìn.",Áo thun,nam,tay lửng,mùa đông,regular,màu vàng,400 nghìn
"Chiếc Áo khoác dành cho unisex kiểu tay dài, màu màu xám, mặc mùa xuân rất thoải mái, giá 700 nghìn.",Áo khoác,unisex,tay dài,mùa xuân,regular,màu xám,700 nghìn
"Áo hoodie nữ tay dài dáng rộng màu vàng, dễ phối đồ, hợp cho quanh năm, chỉ 800 nghìn.",Áo hoodie,nữ,tay dài,quanh năm,dáng rộng,màu vàng,800 nghìn
"Mẫu Áo sơ mi nam tay lửng, slim, màu xanh, phong cách thời trang mùa thu, giá bán 200 nghìn.",Áo sơ mi,nam,tay lửng,mùa thu,slim,màu xanh,200 nghìn
"Váy nam tay ngắn màu đỏ, chất liệu thoáng mát, phù hợp cho quanh năm, giá khoảng 400 nghìn.",Váy,nam,tay ngắn,quanh năm,rộng,màu đỏ,400 nghìn
"Áo khoác unisex kiểu ôm màu xám, thiết kế hợp xu hướng, dùng được quanh năm, giá 1 triệu rưỡi.",Áo khoác,unisex,tay lửng,quanh năm,ôm,màu xám,1 triệu rưỡi
"Chiếc Váy dành cho nam kiểu tay dài, màu hoa nhí, mặc mùa hè rất thoải mái, giá 1 triệu.",Váy,nam,tay dài,mùa hè,rộng,hoa nhí,1 triệu
"Mẫu Váy nữ không tay, ôm, hoa nhí, phong cách thời trang mùa xuân, giá bán 1 triệu.",Váy,nữ,không tay,mùa xuân,ôm,hoa nhí,1 triệu
"Áo khoác nam tay lửng rộng màu xám, dễ phối đồ, hợp cho mùa xuân, chỉ hơn 600k.",Áo khoác,nam,tay lửng,mùa xuân,rộng,màu xám,hơn 600k
"Chiếc Quần short dành cho nữ kiểu tay dài, màu màu tím, mặc mùa hè rất thoải mái, giá 400 nghìn.",Quần short,nữ,tay dài,mùa hè,ôm,màu tím,400 nghìn
"Mẫu Áo khoác unisex tay ngắn, regular, màu be, phong cách thời trang quanh năm, giá bán 400 nghìn.",Áo khoác,unisex,tay ngắn,quanh năm,regular,màu be,400 nghìn
"Áo hoodie nam kiểu rộng màu be, thiết kế hợp xu hướng, dùng được quanh năm, giá 1 triệu.",Áo hoodie,nam,tay lửng,quanh năm,rộng,màu be,1 triệu
"Váy unisex tay ngắn màu trắng, chất liệu thoáng mát, phù hợp cho quanh năm, giá khoảng 800 nghìn.",Váy,unisex,tay ngắn,quanh năm,regular,màu trắng,800 nghìn
"Mẫu Quần jeans nữ không tay, dáng suông, màu tím, phong cách thời trang mùa xuân, giá bán hơn 600k.",Quần jeans,nữ,không tay,mùa xuân,dáng suông,màu tím,hơn 600k
"Áo khoác unisex kiểu dáng rộng màu be, thiết kế hợp xu hướng, dùng được mùa hè, giá 300 nghìn.",Áo khoác,unisex,tay dài,mùa hè,dáng rộng,màu be,300 nghìn
"Áo khoác nam tay lửng màu đỏ, chất liệu thoáng mát, phù hợp cho mùa xuân, giá khoảng 700 nghìn.",Áo khoác,nam,tay lửng,mùa xuân,ôm,màu đỏ,700 nghìn
"Quần jeans nam tay lửng màu đỏ, chất liệu thoáng mát, phù hợp cho mùa đông, giá khoảng 200 nghìn.",Quần jeans,nam,tay lửng,mùa đông,dáng suông,màu đỏ,200 nghìn
"Áo khoác nam tay dài ôm màu đen, dễ phối đồ, hợp cho mùa hè, chỉ 1 triệu rưỡi.",Áo khoác,nam,tay dài,mùa hè,ôm,màu đen,1 triệu rưỡi
"Váy maxi nam tay lửng regular màu đen, dễ phối đồ, hợp cho mùa đông, chỉ 800 nghìn.",Váy maxi,nam,tay lửng,mùa đông,regular,màu đen,800 nghìn
"Áo thun nam tay dài màu be, chất liệu thoáng mát, phù hợp cho mùa hè, giá khoảng 300 nghìn.",Áo thun,nam,tay dài,mùa hè,dáng rộng,màu be,300 nghìn
"Áo hoodie unisex không tay màu xám, chất liệu thoáng mát, phù hợp cho mùa hè, giá khoảng 800 nghìn.",Áo hoodie,unisex,không tay,mùa hè,rộng,màu xám,800 nghìn
"Áo hoodie nữ tay dài slim màu vàng, dễ phối đồ, hợp cho quanh năm, chỉ hơn 600k.",Áo hoodie,nữ,tay dài,quanh năm,slim,màu vàng,hơn 600k
"Quần short nữ kiểu slim màu tím, thiết kế hợp xu hướng, dùng được quanh năm, giá 200 nghìn.",Quần short,nữ,không tay,quanh năm,slim,màu tím,200 nghìn
"Áo thun nữ tay dài màu be, chất liệu thoáng mát, phù hợp cho mùa đông, giá khoảng 1 triệu rưỡi.",Áo thun,nữ,tay dài,mùa đông,regular,màu be,1 triệu rưỡi
"Chiếc Quần short dành cho nữ kiểu tay lửng, màu màu đen, mặc mùa hè rất thoải mái, giá 200 nghìn.",Quần short,nữ,tay lửng,mùa hè,regular,màu đen,200 nghìn
"Mẫu Áo thun nữ tay lửng, ôm, màu xám, phong cách thời trang mùa đông, giá bán 400 nghìn.",Áo thun,nữ,tay lửng,mùa đông,ôm,màu xám,400 nghìn
"Chiếc Áo thun dành cho nam kiểu tay ngắn, màu màu xám, mặc mùa xuân rất thoải mái, giá 800 nghìn.",Áo thun,nam,tay ngắn,mùa xuân,dáng suông,màu xám,800 nghìn
"Váy maxi nam kiểu dáng rộng màu hồng, thiết kế hợp xu hướng, dùng được mùa đông, giá hơn 1 triệu.",Váy maxi,nam,tay ngắn,mùa đông,dáng rộng,màu hồng,hơn 1 triệu
"Quần jeans nam không tay màu vàng, chất liệu thoáng mát, phù hợp cho mùa thu, giá khoảng 1 triệu rưỡi.",Quần jeans,nam,không tay,mùa thu,rộng,màu vàng,1 triệu rưỡi
"Áo hoodie unisex không tay màu xám, chất liệu thoáng mát, phù hợp cho mùa đông, giá khoảng 800 nghìn.",Áo hoodie,unisex,không tay,mùa đông,regular,màu xám,800 nghìn
"Mẫu Váy unisex không tay, slim, màu be, phong cách thời trang quanh năm, giá bán 1 triệu rưỡi.",Váy,unisex,không tay,quanh năm,slim,màu be,1 triệu rưỡi
"Mẫu Áo thun nữ tay lửng, slim, màu hồng, phong cách thời trang mùa xuân, giá bán 500 nghìn.",Áo thun,nữ,tay lửng,mùa xuân,slim,màu hồng,500 nghìn
"Áo sơ mi nữ tay ngắn ôm màu vàng, dễ phối đồ, hợp cho quanh năm, chỉ 700 nghìn.",Áo sơ mi,nữ,tay ngắn,quanh năm,ôm,màu vàng,700 nghìn
"Mẫu Quần jeans nữ tay ngắn, regular, màu tím, phong cách thời trang mùa hè, giá bán 400 nghìn.",Quần jeans,nữ,tay ngắn,mùa hè,regular,màu tím,400 nghìn
"Chiếc Áo thun dành cho nam kiểu không tay, màu hoa nhí, mặc quanh năm rất thoải mái, giá 500 nghìn.",Áo thun,nam,không tay,quanh năm,slim,hoa nhí,500 nghìn
"Áo khoác nữ tay dài màu trắng, chất liệu thoáng mát, phù hợp cho mùa xuân, giá khoảng 700 nghìn.",Áo khoác,nữ,tay dài,mùa xuân,rộng,màu trắng,700 nghìn
"Váy maxi nữ tay lửng màu xám, chất liệu thoáng mát, phù hợp cho mùa xuân, giá khoảng 400 nghìn.",Váy maxi,nữ,tay lửng,mùa xuân,regular,màu xám,400 nghìn
"Áo thun nữ kiểu ôm màu hồng, thiết kế hợp xu hướng, dùng được mùa xuân, giá 500 nghìn.",Áo thun,nữ,tay dài,mùa xuân,ôm,màu hồng,500 nghìn
"Chiếc Quần short dành cho nam kiểu tay lửng, màu màu đen, mặc mùa xuân rất thoải mái, giá 300 nghìn.",Quần short,nam,tay lửng,mùa xuân,regular,màu đen,300 nghìn
"Áo khoác nữ kiểu dáng suông màu vàng, thiết kế hợp xu hướng, dùng được mùa hè, giá 1 triệu.",Áo khoác,nữ,tay dài,mùa hè,dáng suông,màu vàng,1 triệu
"Áo thun nam tay dài màu xanh, chất liệu thoáng mát, phù hợp cho mùa thu, giá khoảng dưới 200k.",Áo thun,nam,tay dài,mùa thu,regular,màu xanh,dưới 200k
"Áo thun unisex không tay ôm màu xám, dễ phối đồ, hợp cho mùa đông, chỉ dưới 200k.",Áo thun,unisex,không tay,mùa đông,ôm,màu xám,dưới 200k
"Chiếc Váy maxi dành cho nam kiểu tay dài, màu màu vàng, mặc mùa hè rất thoải mái, giá 400 nghìn.",Váy maxi,nam,tay dài,mùa hè,slim,màu vàng,400 nghìn
"Mẫu Áo khoác nữ không tay, dáng suông, màu vàng, phong cách thời trang mùa đông, giá bán 500 nghìn.",Áo khoác,nữ,không tay,mùa đông,dáng suông,màu vàng,500 nghìn
"Mẫu Váy nam không tay, slim, màu trắng, phong cách thời trang mùa hè, giá bán 800 nghìn.",Váy,nam,không tay,mùa hè,slim,màu trắng,800 nghìn
"Quần short unisex tay ngắn ôm màu đỏ, dễ phối đồ, hợp cho mùa thu, chỉ 300 nghìn.",Quần short,unisex,tay ngắn,mùa thu,ôm,màu đỏ,300 nghìn
"Mẫu Áo khoác nam tay dài, slim, màu trắng, phong cách thời trang quanh năm, giá bán 1 triệu.",Áo khoác,nam,tay dài,quanh năm,slim,màu trắng,1 triệu
"Áo sơ mi nữ tay dài màu trắng, chất liệu thoáng mát, phù hợp cho quanh năm, giá khoảng 1 triệu rưỡi.",Áo sơ mi,nữ,tay dài,quanh năm,dáng rộng,màu trắng,1 triệu rưỡi
"Váy nam tay dài dáng rộng màu trắng, dễ phối đồ, hợp cho mùa hè, chỉ 500 nghìn.",Váy,nam,tay dài,mùa hè,dáng rộng,màu trắng,500 nghìn
"Quần jeans nữ tay ngắn màu tím, chất liệu thoáng mát, phù hợp cho mùa hè, giá khoảng 300 nghìn.",Quần jeans,nữ,tay ngắn,mùa hè,regular,màu tím,300 nghìn
"Quần jeans nam tay ngắn màu hồng, chất liệu thoáng mát, phù hợp cho mùa đông, giá khoảng 1 triệu.",Quần jeans,nam,tay ngắn,mùa đông,dáng rộng,màu hồng,1 triệu
"Chiếc Áo sơ mi dành cho nam kiểu tay lửng, màu màu vàng, mặc mùa hè rất thoải mái, giá 500 nghìn.",Áo sơ mi,nam,tay lửng,mùa hè,ôm,màu vàng,500 nghìn
"Váy maxi unisex kiểu rộng màu hồng, thiết kế hợp xu hướng, dùng được mùa đông, giá dưới 200k.",Váy maxi,unisex,tay lửng,mùa đông,rộng,màu hồng,dưới 200k
"Chiếc Áo khoác dành cho unisex kiểu tay lửng, màu màu xanh, mặc mùa xuân rất thoải mái, giá 700 nghìn.",Áo khoác,unisex,tay lửng,mùa xuân,ôm,màu xanh,700 nghìn
"Quần short nam tay lửng màu vàng, chất liệu thoáng mát, phù hợp cho mùa hè, giá khoảng 500 nghìn.",Quần short,nam,tay lửng,mùa hè,dáng suông,màu vàng,500 nghìn
"Áo khoác nữ tay lửng dáng rộng màu xám, dễ phối đồ, hợp cho mùa hè, chỉ 300 nghìn.",Áo khoác,nữ,tay lửng,mùa hè,dáng rộng,màu xám,300 nghìn
"Quần short nữ kiểu dáng rộng màu xanh, thiết kế hợp xu hướng, dùng được mùa đông, giá 500 nghìn.",Quần short,nữ,tay lửng,mùa đông,dáng rộng,màu xanh,500 nghìn
"Váy nam không tay màu xanh, chất liệu thoáng mát, phù hợp cho mùa hè, giá khoảng hơn 600k.",Váy,nam,không tay,mùa hè,dáng rộng,màu xanh,hơn 600k
"Áo khoác nam kiểu slim màu xanh, thiết kế hợp xu hướng, dùng được mùa thu, giá 500 nghìn.",Áo khoác,nam,không tay,mùa thu,slim,màu xanh,500 nghìn
"Váy maxi nam tay dài màu xanh, chất liệu thoáng mát, phù hợp cho mùa thu, giá khoảng 700 nghìn.",Váy maxi,nam,tay dài,mùa thu,dáng rộng,màu xanh,700 nghìn
"Áo hoodie nữ không tay hoa nhí, chất liệu thoáng mát, phù hợp cho mùa xuân, giá khoảng dưới 200k.",Áo hoodie,nữ,không tay,mùa xuân,rộng,hoa nhí,dưới 200k
"Quần short nam tay ngắn màu đỏ, chất liệu thoáng mát, phù hợp cho mùa đông, giá khoảng 1 triệu.",Quần short,nam,tay ngắn,mùa đông,ôm,màu đỏ,1 triệu
"Mẫu Quần short nữ không tay, ôm, màu xanh, phong cách thời trang mùa xuân, giá bán 400 nghìn.",Quần short,nữ,không tay,mùa xuân,ôm,màu xanh,400 nghìn
"Quần jeans unisex kiểu dáng suông màu vàng, thiết kế hợp xu hướng, dùng được quanh năm, giá 200 nghìn.",Quần jeans,unisex,tay lửng,quanh năm,dáng suông,màu vàng,200 nghìn
"Áo thun unisex tay dài ôm màu xanh, dễ phối đồ, hợp cho mùa thu, chỉ hơn 600k.",Áo thun,unisex,tay dài,mùa thu,ôm,màu xanh,hơn 600k
"Quần jeans nam kiểu ôm màu tím, thiết kế hợp xu hướng, dùng được mùa xuân, giá 800 nghìn.",Quần jeans,nam,tay lửng,mùa xuân,ôm,màu tím,800 nghìn
"Chiếc Quần jeans dành cho unisex kiểu tay ngắn, màu màu tím, mặc quanh năm rất thoải mái, giá 800 nghìn.",Quần jeans,unisex,tay ngắn,quanh năm,slim,màu tím,800 nghìn
"Chiếc Áo khoác dành cho unisex kiểu tay lửng, màu màu vàng, mặc quanh năm rất thoải mái, giá hơn 1 triệu.",Áo khoác,unisex,tay lửng,quanh năm,slim,màu vàng,hơn 1 triệu
"Áo hoodie nữ không tay slim màu be, dễ phối đồ, hợp cho mùa đông, chỉ 700 nghìn.",Áo hoodie,nữ,không tay,mùa đông,slim,màu be,700 nghìn
"Váy nữ tay lửng màu vàng, chất liệu thoáng mát, phù hợp cho mùa xuân, giá khoảng hơn 1 triệu.",Váy,nữ,tay lửng,mùa xuân,ôm,màu vàng,hơn 1 triệu
"Mẫu Váy maxi nam không tay, dáng suông, màu xám, phong cách thời trang mùa xuân, giá bán 700 nghìn.",Váy maxi,nam,không tay,mùa xuân,dáng suông,màu xám,700 nghìn
"Quần jeans nữ không tay màu xám, chất liệu thoáng mát, phù hợp cho mùa xuân, giá khoảng hơn 1 triệu.",Quần jeans,nữ,không tay,mùa xuân,regular,màu xám,hơn 1 triệu
"Áo hoodie nữ tay ngắn màu xám, chất liệu thoáng mát, phù hợp cho mùa xuân, giá khoảng 500 nghìn.",Áo hoodie,nữ,tay ngắn,mùa xuân,dáng rộng,màu xám,500 nghìn
"Quần short nữ tay lửng màu xanh, chất liệu thoáng mát, phù hợp cho mùa hè, giá khoảng 200 nghìn.",Quần short,nữ,tay lửng,mùa hè,ôm,màu xanh,200 nghìn
"Áo hoodie unisex kiểu slim màu xám, thiết kế hợp xu hướng, dùng được mùa hè, giá 1 triệu.",Áo hoodie,unisex,tay lửng,mùa hè,slim,màu xám,1 triệu
"Quần short nữ tay dài rộng hoa nhí, dễ phối đồ, hợp cho mùa thu, chỉ 500 nghìn.",Quần short,nữ,tay dài,mùa thu,rộng,hoa nhí,500 nghìn
"Áo thun nữ tay lửng hoa nhí, chất liệu thoáng mát, phù hợp cho mùa đông, giá khoảng 800 nghìn.",Áo thun,nữ,tay lửng,mùa đông,rộng,hoa nhí,800 nghìn
"Mẫu Áo hoodie unisex tay lửng, regular, màu hồng, phong cách thời trang quanh năm, giá bán hơn 1 triệu.",Áo hoodie,unisex,tay lửng,quanh năm,regular,màu hồng,hơn 1 triệu
"Váy unisex tay lửng ôm màu trắng, dễ phối đồ, hợp cho mùa đông, chỉ 1 triệu rưỡi.",Váy,unisex,tay lửng,mùa đông,ôm,màu trắng,1 triệu rưỡi
"Mẫu Quần jeans nữ tay ngắn, slim, màu vàng, phong cách thời trang quanh năm, giá bán 1 triệu.",Quần jeans,nữ,tay ngắn,quanh năm,slim,màu vàng,1 triệu
"Áo thun nam tay dài màu be, chất liệu thoáng mát, phù hợp cho mùa đông, giá khoảng 800 nghìn.",Áo thun,nam,tay dài,mùa đông,ôm,màu be,800 nghìn
"Váy nữ tay dài dáng rộng màu vàng, dễ phối đồ, hợp cho mùa hè, chỉ 700 nghìn.",Váy,nữ,tay dài,mùa hè,dáng rộng,màu vàng,700 nghìn
"Mẫu Quần short unisex tay dài, ôm, màu đỏ, phong cách thời trang mùa thu, giá bán hơn 1 triệu.",Quần short,unisex,tay dài,mùa thu,ôm,màu đỏ,hơn 1 triệu
"Áo khoác nữ tay lửng rộng màu đỏ, dễ phối đồ, hợp cho mùa xuân, chỉ 400 nghìn.",Áo khoác,nữ,tay lửng,mùa xuân,rộng,màu đỏ,400 nghìn
"Váy nữ kiểu ôm màu đen, thiết kế hợp xu hướng, dùng được mùa hè, giá hơn 1 triệu.",Váy,nữ,tay dài,mùa hè,ôm,màu đen,hơn 1 triệu
"Mẫu Váy unisex không tay, dáng suông, màu đen, phong cách thời trang mùa hè, giá bán 200 nghìn.",Váy,unisex,không tay,mùa hè,dáng suông,màu đen,200 nghìn
"Chiếc Quần short dành cho unisex kiểu tay dài, màu hoa nhí, mặc mùa đông rất thoải mái, giá 300 nghìn.",Quần short,unisex,tay dài,mùa đông,regular,hoa nhí,300 nghìn
"Quần short nam kiểu dáng rộng hoa nhí, thiết kế hợp xu hướng, dùng được mùa thu, giá 700 nghìn.",Quần short,nam,không tay,mùa thu,dáng rộng,hoa nhí,700 nghìn
"Mẫu Váy nữ không tay, regular, màu be, phong cách thời trang mùa xuân, giá bán 1 triệu rưỡi.",Váy,nữ,không tay,mùa xuân,regular,màu be,1 triệu rưỡi
"Áo sơ mi unisex tay ngắn rộng hoa nhí, dễ phối đồ, hợp cho mùa đông, chỉ 1 triệu.",Áo sơ mi,unisex,tay ngắn,mùa đông,rộng,hoa nhí,1 triệu
"Chiếc Áo hoodie dành cho nữ kiểu tay dài, màu màu xanh, mặc mùa hè rất thoải mái, giá 700 nghìn.",Áo hoodie,nữ,tay dài,mùa hè,dáng rộng,màu xanh,700 nghìn
"Váy nam kiểu slim hoa nhí, thiết kế hợp xu hướng, dùng được mùa đông, giá 400 nghìn.",Váy,nam,tay ngắn,mùa đông,slim,hoa nhí,400 nghìn
"Quần short nữ tay lửng hoa nhí, chất liệu thoáng mát, phù hợp cho mùa hè, giá khoảng 700 nghìn.",Quần short,nữ,tay lửng,mùa hè,regular,hoa nhí,700 nghìn
"Váy nam tay lửng slim màu xám, dễ phối đồ, hợp cho mùa đông, chỉ hơn 600k.",Váy,nam,tay lửng,mùa đông,slim,màu xám,hơn 600k
"Áo khoác unisex tay ngắn màu hồng, chất liệu thoáng mát, phù hợp cho mùa xuân, giá khoảng dưới 200k.",Áo khoác,unisex,tay ngắn,mùa xuân,slim,màu hồng,dưới 200k
"Váy nữ tay dài hoa nhí, chất liệu thoáng mát, phù hợp cho mùa đông, giá khoảng 800 nghìn.",Váy,nữ,tay dài,mùa đông,rộng,hoa nhí,800 nghìn
"Mẫu Áo sơ mi unisex tay lửng, slim, màu đỏ, phong cách thời trang mùa hè, giá bán dưới 200k.",Áo sơ mi,unisex,tay lửng,mùa hè,slim,màu đỏ,dưới 200k
"Áo thun unisex kiểu regular màu đỏ, thiết kế hợp xu hướng, dùng được quanh năm, giá 500 nghìn.",Áo thun,unisex,không tay,quanh năm,regular,màu đỏ,500 nghìn
"Áo hoodie nam kiểu ôm màu đen, thiết kế hợp xu hướng, dùng được mùa xuân, giá 500 nghìn.",Áo hoodie,nam,tay dài,mùa xuân,ôm,màu đen,500 nghìn
"Mẫu Áo khoác unisex không tay, rộng, màu xanh, phong cách thời trang mùa đông, giá bán hơn 1 triệu.",Áo khoác,unisex,không tay,mùa đông,rộng,màu xanh,hơn 1 triệu
"Quần short nữ tay lửng regular màu hồng, dễ phối đồ, hợp cho mùa đông, chỉ 500 nghìn.",Quần short,nữ,tay lửng,mùa đông,regular,màu hồng,500 nghìn
"Áo sơ mi unisex kiểu regular màu tím, thiết kế hợp xu hướng, dùng được quanh năm, giá 700 nghìn.",Áo sơ mi,unisex,không tay,quanh năm,regular,màu tím,700 nghìn
"Áo khoác unisex tay dài regular màu vàng, dễ phối đồ, hợp cho mùa thu, chỉ hơn 600k.",Áo khoác,unisex,tay dài,mùa thu,regular,màu vàng,hơn 600k
"Mẫu Áo thun nam không tay, dáng rộng, màu hồng, phong cách thời trang mùa xuân, giá bán 700 nghìn.",Áo thun,nam,không tay,mùa xuân,dáng rộng,màu hồng,700 nghìn
"Mẫu Quần short nam tay lửng, regular, màu be, phong cách thời trang mùa đông, giá bán 500 nghìn.",Quần short,nam,tay lửng,mùa đông,regular,màu be,500 nghìn
"Chiếc Áo sơ mi dành cho nam kiểu không tay, màu màu đỏ, mặc mùa đông rất thoải mái, giá 1 triệu rưỡi.",Áo sơ mi,nam,không tay,mùa đông,dáng suông,màu đỏ,1 triệu rưỡi
"Áo hoodie unisex tay dài dáng rộng màu đen, dễ phối đồ, hợp cho mùa đông, chỉ 400 nghìn.",Áo hoodie,unisex,tay dài,mùa đông,dáng rộng,màu đen,400 nghìn
"Mẫu Váy unisex không tay, dáng rộng, màu vàng, phong cách thời trang mùa đông, giá bán 500 nghìn.",Váy,unisex,không tay,mùa đông,dáng rộng,màu vàng,500 nghìn
"Áo hoodie unisex tay dài dáng suông màu be, dễ phối đồ, hợp cho mùa thu, chỉ 500 nghìn.",Áo hoodie,unisex,tay dài,mùa thu,dáng suông,màu be,500 nghìn
"Áo thun unisex tay lửng dáng suông màu xanh, dễ phối đồ, hợp cho mùa hè, chỉ 1 triệu rưỡi.",Áo thun,unisex,tay lửng,mùa hè,dáng suông,màu xanh,1 triệu rưỡi
"Áo sơ mi nam tay dài dáng rộng màu đen, dễ phối đồ, hợp cho mùa xuân, chỉ hơn 1 triệu.",Áo sơ mi,nam,tay dài,mùa xuân,dáng rộng,màu đen,hơn 1 triệu
"Chiếc Áo khoác dành cho unisex kiểu không tay, màu màu be, mặc mùa hè rất thoải mái, giá 300 nghìn.",Áo khoác,unisex,không tay,mùa hè,dáng rộng,màu be,300 nghìn
"Mẫu Áo sơ mi unisex không tay, dáng rộng, màu trắng, phong cách thời trang mùa thu, giá bán dưới 200k.",Áo sơ mi,unisex,không tay,mùa thu,dáng rộng,màu trắng,dưới 200k
"Váy nữ tay dài dáng rộng màu xanh, dễ phối đồ, hợp cho quanh năm, chỉ 800 nghìn.",Váy,nữ,tay dài,quanh năm,dáng rộng,màu xanh,800 nghìn
"Mẫu Áo sơ mi nữ tay lửng, rộng, màu trắng, phong cách thời trang mùa xuân, giá bán 1 triệu.",Áo sơ mi,nữ,tay lửng,mùa xuân,rộng,màu trắng,1 triệu
"Áo khoác nữ tay ngắn dáng rộng màu xanh, dễ phối đồ, hợp cho mùa hè, chỉ 200 nghìn.",Áo khoác,nữ,tay ngắn,mùa hè,dáng rộng,màu xanh,200 nghìn
"Áo thun unisex không tay dáng suông màu be, dễ phối đồ, hợp cho quanh năm, chỉ 1 triệu.",Áo thun,unisex,không tay,quanh năm,dáng suông,màu be,1 triệu
"Mẫu Áo khoác nam không tay, rộng, màu tím, phong cách thời trang mùa đông, giá bán 800 nghìn.",Áo khoác,nam,không tay,mùa đông,rộng,màu tím,800 nghìn
"Mẫu Quần short nữ không tay, dáng rộng, màu đen, phong cách thời trang mùa thu, giá bán 800 nghìn.",Quần short,nữ,không tay,mùa thu,dáng rộng,màu đen,800 nghìn
"Chiếc Váy dành cho unisex kiểu tay ngắn, màu hoa nhí, mặc quanh năm rất thoải mái, giá hơn 1 triệu.",Váy,unisex,tay ngắn,quanh năm,rộng,hoa nhí,hơn 1 triệu
"Váy maxi unisex tay ngắn màu tím, chất liệu thoáng mát, phù hợp cho mùa hè, giá khoảng 1 triệu rưỡi.",Váy maxi,unisex,tay ngắn,mùa hè,regular,màu tím,1 triệu rưỡi
"Chiếc Quần short dành cho nam kiểu tay dài, màu màu đen, mặc quanh năm rất thoải mái, giá dưới 200k.",Quần short,nam,tay dài,quanh năm,rộng,màu đen,dưới 200k
"Áo sơ mi nữ kiểu regular hoa nhí, thiết kế hợp xu hướng, dùng được mùa thu, giá 500 nghìn.",Áo sơ mi,nữ,tay dài,mùa thu,regular,hoa nhí,500 nghìn
"Chiếc Váy maxi dành cho nữ kiểu tay lửng, màu màu đen, mặc mùa hè rất thoải mái, giá 300 nghìn.",Váy maxi,nữ,tay lửng,mùa hè,dáng suông,màu đen,300 nghìn
"Váy maxi nam tay dài màu đen, chất liệu thoáng mát, phù hợp cho mùa xuân, giá khoảng 400 nghìn.",Váy maxi,nam,tay dài,mùa xuân,ôm,màu đen,400 nghìn
"Chiếc Áo sơ mi dành cho unisex kiểu không tay, màu màu hồng, mặc mùa hè rất thoải mái, giá 700 nghìn.",Áo sơ mi,unisex,không tay,mùa hè,rộng,màu hồng,700 nghìn
"Áo hoodie nữ kiểu dáng rộng màu đen, thiết kế hợp xu hướng, dùng được quanh năm, giá 700 nghìn.",Áo hoodie,nữ,tay ngắn,quanh năm,dáng rộng,màu đen,700 nghìn
"Chiếc Quần jeans dành cho nam kiểu tay ngắn, màu màu tím, mặc quanh năm rất thoải mái, giá 200 nghìn.",Quần jeans,nam,tay ngắn,quanh năm,dáng suông,màu tím,200 nghìn
"Quần short nữ tay dài hoa nhí, chất liệu thoáng mát, phù hợp cho mùa đông, giá khoảng 200 nghìn.",Quần short,nữ,tay dài,mùa đông,regular,hoa nhí,200 nghìn
"Quần short nữ kiểu slim màu đen, thiết kế hợp xu hướng, dùng được mùa thu, giá dưới 200k.",Quần short,nữ,tay ngắn,mùa thu,slim,màu đen,dưới 200k
"Váy nam kiểu ôm màu trắng, thiết kế hợp xu hướng, dùng được mùa hè, giá dưới 200k.",Váy,nam,không tay,mùa hè,ôm,màu trắng,dưới 200k
"Áo thun nữ kiểu dáng rộng màu tím, thiết kế hợp xu hướng, dùng được mùa thu, giá 500 nghìn.",Áo thun,nữ,tay lửng,mùa thu,dáng rộng,màu tím,500 nghìn
"Áo hoodie unisex tay dài hoa nhí, chất liệu thoáng mát, phù hợp cho quanh năm, giá khoảng 800 nghìn.",Áo hoodie,unisex,tay dài,quanh năm,dáng suông,hoa nhí,800 nghìn
"Áo hoodie nam kiểu ôm màu trắng, thiết kế hợp xu hướng, dùng được quanh năm, giá 800 nghìn.",Áo hoodie,nam,tay dài,quanh năm,ôm,màu trắng,800 nghìn
"Chiếc Áo hoodie dành cho nam kiểu tay dài, màu màu đen, mặc quanh năm rất thoải mái, giá 800 nghìn.",Áo hoodie,nam,tay dài,quanh năm,dáng suông,màu đen,800 nghìn
"Quần jeans nam không tay màu xanh, chất liệu thoáng mát, phù hợp cho mùa đông, giá khoảng 1 triệu rưỡi.",Quần jeans,nam,không tay,mùa đông,rộng,màu xanh,1 triệu rưỡi
"Áo khoác nữ kiểu slim màu vàng, thiết kế hợp xu hướng, dùng được mùa đông, giá hơn 1 triệu.",Áo khoác,nữ,tay ngắn,mùa đông,slim,màu vàng,hơn 1 triệu
"Mẫu Quần short nữ không tay, dáng suông, màu đen, phong cách thời trang quanh năm, giá bán hơn 600k.",Quần short,nữ,không tay,quanh năm,dáng suông,màu đen,hơn 600k
"Áo thun unisex tay dài slim màu xám, dễ phối đồ, hợp cho mùa hè, chỉ dưới 200k.",Áo thun,unisex,tay dài,mùa hè,slim,màu xám,dưới 200k
"Váy nữ tay lửng rộng màu đen, dễ phối đồ, hợp cho mùa xuân, chỉ 700 nghìn.",Váy,nữ,tay lửng,mùa xuân,rộng,màu đen,700 nghìn
"Áo khoác unisex không tay rộng hoa nhí, dễ phối đồ, hợp cho mùa xuân, chỉ 1 triệu rưỡi.",Áo khoác,unisex,không tay,mùa xuân,rộng,hoa nhí,1 triệu rưỡi
"Áo thun nam tay dài màu xanh, chất liệu thoáng mát, phù hợp cho quanh năm, giá khoảng hơn 600k.",Áo thun,nam,tay dài,quanh năm,regular,màu xanh,hơn 600k
"Mẫu Váy maxi nữ tay dài, dáng suông, màu hồng, phong cách thời trang quanh năm, giá bán 300 nghìn.",Váy maxi,nữ,tay dài,quanh năm,dáng suông,màu hồng,300 nghìn
"Áo thun nam tay ngắn dáng suông màu đen, dễ phối đồ, hợp cho mùa đông, chỉ dưới 200k.",Áo thun,nam,tay ngắn,mùa đông,dáng suông,màu đen,dưới 200k
"Váy maxi unisex tay lửng dáng suông màu be, dễ phối đồ, hợp cho quanh năm, chỉ 200 nghìn.",Váy maxi,unisex,tay lửng,quanh năm,dáng suông,màu be,200 nghìn
"Quần jeans nam không tay slim màu xám, dễ phối đồ, hợp cho mùa thu, chỉ 500 nghìn.",Quần jeans,nam,không tay,mùa thu,slim,màu xám,500 nghìn
"Mẫu Váy nam tay lửng, slim, màu hồng, phong cách thời trang mùa đông, giá bán hơn 1 triệu.",Váy,nam,tay lửng,mùa đông,slim,màu hồng,hơn 1 triệu
"Áo khoác unisex tay lửng regular màu tím, dễ phối đồ, hợp cho quanh năm, chỉ 1 triệu.",Áo khoác,unisex,tay lửng,quanh năm,regular,màu tím,1 triệu
"Áo thun nữ tay lửng regular màu xám, dễ phối đồ, hợp cho mùa xuân, chỉ 300 nghìn.",Áo thun,nữ,tay lửng,mùa xuân,regular,màu xám,300 nghìn
"Váy unisex tay dài màu tím, chất liệu thoáng mát, phù hợp cho mùa đông, giá khoảng hơn 600k.",Váy,unisex,tay dài,mùa đông,rộng,màu tím,hơn 600k
"Áo sơ mi nam tay lửng hoa nhí, chất liệu thoáng mát, phù hợp cho quanh năm, giá khoảng 400 nghìn.",Áo sơ mi,nam,tay lửng,quanh năm,ôm,hoa nhí,400 nghìn
"Chiếc Váy maxi dành cho unisex kiểu tay dài, màu màu xanh, mặc mùa đông rất thoải mái, giá 800 nghìn.",Váy maxi,unisex,tay dài,mùa đông,rộng,màu xanh,800 nghìn
"Chiếc Áo thun dành cho nam kiểu tay dài, màu màu tím, mặc mùa hè rất thoải mái, giá 500 nghìn.",Áo thun,nam,tay dài,mùa hè,regular,màu tím,500 nghìn
"Chiếc Áo thun dành cho nam kiểu tay lửng, màu màu tím, mặc mùa xuân rất thoải mái, giá 1 triệu.",Áo thun,nam,tay lửng,mùa xuân,dáng rộng,màu tím,1 triệu
"Áo sơ mi nam tay dài slim màu tím, dễ phối đồ, hợp cho mùa thu, chỉ 500 nghìn.",Áo sơ mi,nam,tay dài,mùa thu,slim,màu tím,500 nghìn
"Quần jeans nữ kiểu rộng màu hồng, thiết kế hợp xu hướng, dùng được mùa hè, giá 800 nghìn.",Quần jeans,nữ,tay lửng,mùa hè,rộng,màu hồng,800 nghìn
"Áo hoodie unisex không tay màu tím, chất liệu thoáng mát, phù hợp cho mùa hè, giá khoảng 200 nghìn.",Áo hoodie,unisex,không tay,mùa hè,slim,màu tím,200 nghìn
"Áo sơ mi nữ tay lửng màu hồng, chất liệu thoáng mát, phù hợp cho mùa đông, giá khoảng 1 triệu rưỡi.",Áo sơ mi,nữ,tay lửng,mùa đông,ôm,màu hồng,1 triệu rưỡi
"Mẫu Váy nữ tay ngắn, dáng suông, màu tím, phong cách thời trang mùa thu, giá bán 500 nghìn.",Váy,nữ,tay ngắn,mùa thu,dáng suông,màu tím,500 nghìn
"Quần jeans nam không tay màu be, chất liệu thoáng mát, phù hợp cho mùa đông, giá khoảng 200 nghìn.",Quần jeans,nam,không tay,mùa đông,rộng,màu be,200 nghìn
"Áo khoác nam tay ngắn dáng rộng màu xám, dễ phối đồ, hợp cho quanh năm, chỉ 1 triệu.",Áo khoác,nam,tay ngắn,quanh năm,dáng rộng,màu xám,1 triệu
"Váy nữ kiểu slim màu xanh, thiết kế hợp xu hướng, dùng được mùa xuân, giá 500 nghìn.",Váy,nữ,tay ngắn,mùa xuân,slim,màu xanh,500 nghìn
"Áo sơ mi unisex tay lửng dáng rộng màu trắng, dễ phối đồ, hợp cho mùa đông, chỉ 200 nghìn.",Áo sơ mi,unisex,tay lửng,mùa đông,dáng rộng,màu trắng,200 nghìn
"Váy nam kiểu dáng suông màu đen, thiết kế hợp xu hướng, dùng được quanh năm, giá dưới 200k.",Váy,nam,tay dài,quanh năm,dáng suông,màu đen,dưới 200k
"Áo hoodie unisex tay ngắn hoa nhí, chất liệu thoáng mát, phù hợp cho quanh năm, giá khoảng 1 triệu rưỡi.",Áo hoodie,unisex,tay ngắn,quanh năm,rộng,hoa nhí,1 triệu rưỡi
"Quần jeans nam tay ngắn dáng rộng màu đỏ, dễ phối đồ, hợp cho quanh năm, chỉ hơn 600k.",Quần jeans,nam,tay ngắn,quanh năm,dáng rộng,màu đỏ,hơn 600k
"Áo hoodie nữ tay lửng màu hồng, chất liệu thoáng mát, phù hợp cho mùa đông, giá khoảng 200 nghìn.",Áo hoodie,nữ,tay lửng,mùa đông,dáng suông,màu hồng,200 nghìn
"Áo khoác unisex tay lửng màu trắng, chất liệu thoáng mát, phù hợp cho quanh năm, giá khoảng 400 nghìn.",Áo khoác,unisex,tay lửng,quanh năm,rộng,màu trắng,400 nghìn
"Váy nữ tay lửng màu hồng, chất liệu thoáng mát, phù hợp cho mùa hè, giá khoảng hơn 1 triệu.",Váy,nữ,tay lửng,mùa hè,dáng rộng,màu hồng,hơn 1 triệu
"Áo khoác unisex không tay regular màu be, dễ phối đồ, hợp cho mùa hè, chỉ 300 nghìn.",Áo khoác,unisex,không tay,mùa hè,regular,màu be,300 nghìn
"Áo khoác nữ tay ngắn màu hồng, chất liệu thoáng mát, phù hợp cho mùa đông, giá khoảng 200 nghìn.",Áo khoác,nữ,tay ngắn,mùa đông,rộng,màu hồng,200 nghìn
"Áo sơ mi nam tay lửng ôm màu đen, dễ phối đồ, hợp cho mùa thu, chỉ 400 nghìn.",Áo sơ mi,nam,tay lửng,mùa thu,ôm,màu đen,400 nghìn
"Áo khoác nam kiểu slim màu xám, thiết kế hợp xu hướng, dùng được mùa thu, giá 200 nghìn.",Áo khoác,nam,tay dài,mùa thu,slim,màu xám,200 nghìn
"Áo khoác unisex tay ngắn màu hồng, chất liệu thoáng mát, phù hợp cho mùa đông, giá khoảng 200 nghìn.",Áo khoác,unisex,tay ngắn,mùa đông,ôm,màu hồng,200 nghìn
"Áo hoodie nam không tay dáng suông màu xanh, dễ phối đồ, hợp cho quanh năm, chỉ 200 nghìn.",Áo hoodie,nam,không tay,quanh năm,dáng suông,màu xanh,200 nghìn
"Váy nam tay lửng hoa nhí, chất liệu thoáng mát, phù hợp cho quanh năm, giá khoảng 800 nghìn.",Váy,nam,tay lửng,quanh năm,ôm,hoa nhí,800 nghìn
"Váy unisex tay lửng regular màu đen, dễ phối đồ, hợp cho mùa xuân, chỉ 1 triệu rưỡi.",Váy,unisex,tay lửng,mùa xuân,regular,màu đen,1 triệu rưỡi
"Quần short unisex kiểu regular màu xanh, thiết kế hợp xu hướng, dùng được quanh năm, giá dưới 200k.",Quần short,unisex,tay lửng,quanh năm,regular,màu xanh,dưới 200k
"Chiếc Váy dành cho unisex kiểu tay dài, màu màu hồng, mặc quanh năm rất thoải mái, giá 300 nghìn.",Váy,unisex,tay dài,quanh năm,ôm,màu hồng,300 nghìn
"Áo khoác nữ kiểu slim màu đen, thiết kế hợp xu hướng, dùng được mùa hè, giá hơn 600k.",Áo khoác,nữ,tay dài,mùa hè,slim,màu đen,hơn 600k
"Áo hoodie nữ tay dài slim màu xám, dễ phối đồ, hợp cho quanh năm, chỉ 300 nghìn.",Áo hoodie,nữ,tay dài,quanh năm,slim,màu xám,300 nghìn
"Chiếc Áo sơ mi dành cho nữ kiểu không tay, màu màu trắng, mặc mùa đông rất thoải mái, giá hơn 1 triệu.",Áo sơ mi,nữ,không tay,mùa đông,regular,màu trắng,hơn 1 triệu
"Mẫu Quần jeans nữ tay lửng, regular, hoa nhí, phong cách thời trang mùa thu, giá bán 700 nghìn.",Quần jeans,nữ,tay lửng,mùa thu,regular,hoa nhí,700 nghìn
"Chiếc Áo thun dành cho nữ kiểu tay dài, màu hoa nhí, mặc mùa hè rất thoải mái, giá dưới 200k.",Áo thun,nữ,tay dài,mùa hè,ôm,hoa nhí,dưới 200k
"Mẫu Váy maxi nữ tay dài, dáng rộng, màu xanh, phong cách thời trang mùa xuân, giá bán dưới 200k.",Váy maxi,nữ,tay dài,mùa xuân,dáng rộng,màu xanh,dưới 200k
"Áo thun nữ kiểu rộng màu đen, thiết kế hợp xu hướng, dùng được mùa xuân, giá 700 nghìn.",Áo thun,nữ,không tay,mùa xuân,rộng,màu đen,700 nghìn
"Quần short unisex tay lửng dáng suông màu đen, dễ phối đồ, hợp cho mùa đông, chỉ 200 nghìn.",Quần short,unisex,tay lửng,mùa đông,dáng suông,màu đen,200 nghìn
"Áo hoodie nam kiểu regular màu hồng, thiết kế hợp xu hướng, dùng được mùa đông, giá 300 nghìn.",Áo hoodie,nam,tay dài,mùa đông,regular,màu hồng,300 nghìn
"Áo khoác nam không tay dáng rộng màu hồng, dễ phối đồ, hợp cho mùa hè, chỉ 500 nghìn.",Áo khoác,nam,không tay,mùa hè,dáng rộng,màu hồng,500 nghìn
"Áo sơ mi nữ tay lửng ôm màu trắng, dễ phối đồ, hợp cho mùa hè, chỉ 1 triệu rưỡi.",Áo sơ mi,nữ,tay lửng,mùa hè,ôm,màu trắng,1 triệu rưỡi
"Mẫu Áo khoác nữ tay ngắn, slim, màu đỏ, phong cách thời trang mùa xuân, giá bán 500 nghìn.",Áo khoác,nữ,tay ngắn,mùa xuân,slim,màu đỏ,500 nghìn
"Quần short unisex kiểu ôm hoa nhí, thiết kế hợp xu hướng, dùng được quanh năm, giá hơn 1 triệu.",Quần short,unisex,không tay,quanh năm,ôm,hoa nhí,hơn 1 triệu
"Chiếc Quần short dành cho nam kiểu tay dài, màu màu xanh, mặc quanh năm rất thoải mái, giá hơn 1 triệu.",Quần short,nam,tay dài,quanh năm,regular,màu xanh,hơn 1 triệu
"Chiếc Quần jeans dành cho unisex kiểu tay dài, màu màu đỏ, mặc mùa xuân rất thoải mái, giá dưới 200k.",Quần jeans,unisex,tay dài,mùa xuân,dáng suông,màu đỏ,dưới 200k
"Mẫu Áo sơ mi nam không tay, ôm, hoa nhí, phong cách thời trang mùa xuân, giá bán hơn 600k.",Áo sơ mi,nam,không tay,mùa xuân,ôm,hoa nhí,hơn 600k
"Chiếc Váy maxi dành cho nam kiểu tay lửng, màu màu be, mặc mùa đông rất thoải mái, giá 1 triệu rưỡi.",Váy maxi,nam,tay lửng,mùa đông,dáng suông,màu be,1 triệu rưỡi
"Quần short nam tay dài màu be, chất liệu thoáng mát, phù hợp cho mùa đông, giá khoảng 1 triệu rưỡi.",Quần short,nam,tay dài,mùa đông,regular,màu be,1 triệu rưỡi
"Quần jeans nữ kiểu dáng rộng màu tím, thiết kế hợp xu hướng, dùng được mùa đông, giá 1 triệu rưỡi.",Quần jeans,nữ,không tay,mùa đông,dáng rộng,màu tím,1 triệu rưỡi
"Mẫu Quần short nam tay ngắn, dáng suông, màu vàng, phong cách thời trang mùa đông, giá bán 400 nghìn.",Quần short,nam,tay ngắn,mùa đông,dáng suông,màu vàng,400 nghìn
"Quần jeans nam kiểu dáng suông màu vàng, thiết kế hợp xu hướng, dùng được mùa xuân, giá dưới 200k.",Quần jeans,nam,không tay,mùa xuân,dáng suông,màu vàng,dưới 200k
"Váy unisex kiểu slim màu tím, thiết kế hợp xu hướng, dùng được mùa hè, giá hơn 1 triệu.",Váy,unisex,tay lửng,mùa hè,slim,màu tím,hơn 1 triệu
"Áo sơ mi nam tay lửng ôm màu xám, dễ phối đồ, hợp cho mùa hè, chỉ 700 nghìn.",Áo sơ mi,nam,tay lửng,mùa hè,ôm,màu xám,700 nghìn
"Quần jeans nam kiểu regular màu vàng, thiết kế hợp xu hướng, dùng được mùa xuân, giá 400 nghìn.",Quần jeans,nam,tay lửng,mùa xuân,regular,màu vàng,400 nghìn
"Áo khoác nam tay dài màu xanh, chất liệu thoáng mát, phù hợp cho mùa xuân, giá khoảng 1 triệu.",Áo khoác,nam,tay dài,mùa xuân,dáng rộng,màu xanh,1 triệu
"Mẫu Áo khoác nam tay ngắn, dáng rộng, màu hồng, phong cách thời trang mùa hè, giá bán hơn 1 triệu.",Áo khoác,nam,tay ngắn,mùa hè,dáng rộng,màu hồng,hơn 1 triệu
"Quần short nam kiểu dáng suông màu be, thiết kế hợp xu hướng, dùng được mùa đông, giá hơn 1 triệu.",Quần short,nam,tay dài,mùa đông,dáng suông,màu be,hơn 1 triệu
"Mẫu Áo khoác unisex tay lửng, dáng rộng, hoa nhí, phong cách thời trang mùa hè, giá bán hơn 1 triệu.",Áo khoác,unisex,tay lửng,mùa hè,dáng rộng,hoa nhí,hơn 1 triệu
"Áo hoodie nữ kiểu rộng màu xanh, thiết kế hợp xu hướng, dùng được mùa thu, giá dưới 200k.",Áo hoodie,nữ,tay lửng,mùa thu,rộng,màu xanh,dưới 200k
"Áo sơ mi nam kiểu ôm màu đen, thiết kế hợp xu hướng, dùng được quanh năm, giá hơn 1 triệu.",Áo sơ mi,nam,tay lửng,quanh năm,ôm,màu đen,hơn 1 triệu
"Áo thun nam kiểu dáng rộng màu xanh, thiết kế hợp xu hướng, dùng được mùa thu, giá 1 triệu rưỡi.",Áo thun,nam,tay lửng,mùa thu,dáng rộng,màu xanh,1 triệu rưỡi
"Mẫu Váy unisex tay ngắn, ôm, màu trắng, phong cách thời trang mùa đông, giá bán 1 triệu rưỡi.",Váy,unisex,tay ngắn,mùa đông,ôm,màu trắng,1 triệu rưỡi
"Váy maxi nam tay dài slim màu tím, dễ phối đồ, hợp cho mùa thu, chỉ 500 nghìn.",Váy maxi,nam,tay dài,mùa thu,slim,màu tím,500 nghìn
"Áo thun unisex không tay dáng suông màu trắng, dễ phối đồ, hợp cho mùa thu, chỉ 500 nghìn.",Áo thun,unisex,không tay,mùa thu,dáng suông,màu trắng,500 nghìn
"Chiếc Váy dành cho unisex kiểu tay lửng, màu màu vàng, mặc mùa thu rất thoải mái, giá 400 nghìn.",Váy,unisex,tay lửng,mùa thu,regular,màu vàng,400 nghìn
"Chiếc Áo hoodie dành cho nữ kiểu tay dài, màu màu xanh, mặc mùa thu rất thoải mái, giá 200 nghìn.",Áo hoodie,nữ,tay dài,mùa thu,regular,màu xanh,200 nghìn
"Chiếc Quần short dành cho nữ kiểu tay lửng, màu màu đỏ, mặc mùa thu rất thoải mái, giá 200 nghìn.",Quần short,nữ,tay lửng,mùa thu,rộng,màu đỏ,200 nghìn
"Chiếc Quần jeans dành cho nữ kiểu tay lửng, màu màu đen, mặc mùa thu rất thoải mái, giá 200 nghìn.",Quần jeans,nữ,tay lửng,mùa thu,slim,màu đen,200 nghìn
"Quần jeans nam kiểu ôm màu trắng, thiết kế hợp xu hướng, dùng được mùa đông, giá 1 triệu rưỡi.",Quần jeans,nam,tay ngắn,mùa đông,ôm,màu trắng,1 triệu rưỡi
"Áo khoác nữ kiểu ôm màu vàng, thiết kế hợp xu hướng, dùng được mùa đông, giá 1 triệu rưỡi.",Áo khoác,nữ,tay ngắn,mùa đông,ôm,màu vàng,1 triệu rưỡi
"Áo sơ mi nữ tay lửng dáng rộng màu vàng, dễ phối đồ, hợp cho mùa hè, chỉ 700 nghìn.",Áo sơ mi,nữ,tay lửng,mùa hè,dáng rộng,màu vàng,700 nghìn
"Áo sơ mi nữ kiểu ôm màu tím, thiết kế hợp xu hướng, dùng được mùa xuân, giá 200 nghìn.",Áo sơ mi,nữ,tay dài,mùa xuân,ôm,màu tím,200 nghìn
"Chiếc Áo hoodie dành cho nam kiểu tay lửng, màu màu đỏ, mặc mùa đông rất thoải mái, giá dưới 200k.",Áo hoodie,nam,tay lửng,mùa đông,ôm,màu đỏ,dưới 200k
"Quần jeans nam tay ngắn ôm màu đỏ, dễ phối đồ, hợp cho mùa xuân, chỉ hơn 600k.",Quần jeans,nam,tay ngắn,mùa xuân,ôm,màu đỏ,hơn 600k
"Mẫu Váy maxi nữ tay lửng, ôm, màu xám, phong cách thời trang mùa hè, giá bán 1 triệu rưỡi.",Váy maxi,nữ,tay lửng,mùa hè,ôm,màu xám,1 triệu rưỡi
"Mẫu Quần short nữ tay ngắn, dáng rộng, màu be, phong cách thời trang quanh năm, giá bán hơn 1 triệu.",Quần short,nữ,tay ngắn,quanh năm,dáng rộng,màu be,hơn 1 triệu
"Chiếc Áo hoodie dành cho nữ kiểu tay ngắn, màu hoa nhí, mặc mùa đông rất thoải mái, giá 700 nghìn.",Áo hoodie,nữ,tay ngắn,mùa đông,dáng suông,hoa nhí,700 nghìn
"Áo thun nữ không tay màu vàng, chất liệu thoáng mát, phù hợp cho mùa đông, giá khoảng 800 nghìn.",Áo thun,nữ,không tay,mùa đông,slim,màu vàng,800 nghìn
"Mẫu Quần jeans nam tay ngắn, regular, màu đỏ, phong cách thời trang mùa xuân, giá bán 500 nghìn.",Quần jeans,nam,tay ngắn,mùa xuân,regular,màu đỏ,500 nghìn
"Áo khoác unisex tay ngắn màu đỏ, chất liệu thoáng mát, phù hợp cho mùa đông, giá khoảng 1 triệu rưỡi.",Áo khoác,unisex,tay ngắn,mùa đông,dáng rộng,màu đỏ,1 triệu rưỡi
"Chiếc Váy dành cho unisex kiểu không tay, màu màu xanh, mặc quanh năm rất thoải mái, giá 800 nghìn.",Váy,unisex,không tay,quanh năm,rộng,màu xanh,800 nghìn
"Chiếc Áo sơ mi dành cho nam kiểu tay lửng, màu màu vàng, mặc mùa đông rất thoải mái, giá 1 triệu rưỡi.",Áo sơ mi,nam,tay lửng,mùa đông,slim,màu vàng,1 triệu rưỡi
"Chiếc Quần jeans dành cho unisex kiểu tay ngắn, màu hoa nhí, mặc mùa đông rất thoải mái, giá hơn 600k.",Quần jeans,unisex,tay ngắn,mùa đông,dáng rộng,hoa nhí,hơn 600k
"Áo khoác unisex kiểu rộng màu đen, thiết kế hợp xu hướng, dùng được quanh năm, giá dưới 200k.",Áo khoác,unisex,tay lửng,quanh năm,rộng,màu đen,dưới 200k
"Chiếc Áo thun dành cho unisex kiểu tay lửng, màu màu be, mặc mùa đông rất thoải mái, giá 1 triệu.",Áo thun,unisex,tay lửng,mùa đông,regular,màu be,1 triệu
"Áo thun unisex tay lửng màu vàng, chất liệu thoáng mát, phù hợp cho mùa xuân, giá khoảng 1 triệu rưỡi.",Áo thun,unisex,tay lửng,mùa xuân,regular,màu vàng,1 triệu rưỡi
"Chiếc Áo thun dành cho nữ kiểu không tay, màu màu xanh, mặc quanh năm rất thoải mái, giá 1 triệu.",Áo thun,nữ,không tay,quanh năm,slim,màu xanh,1 triệu
"Áo thun nữ tay lửng màu hồng, chất liệu thoáng mát, phù hợp cho mùa hè, giá khoảng hơn 600k.",Áo thun,nữ,tay lửng,mùa hè,ôm,màu hồng,hơn 600k
"Chiếc Áo thun dành cho nam kiểu không tay, màu màu xanh, mặc mùa xuân rất thoải mái, giá 1 triệu rưỡi.",Áo thun,nam,không tay,mùa xuân,dáng suông,màu xanh,1 triệu rưỡi
"Chiếc Quần jeans dành cho nữ kiểu tay lửng, màu màu vàng, mặc quanh năm rất thoải mái, giá hơn 1 triệu.",Quần jeans,nữ,tay lửng,quanh năm,ôm,màu vàng,hơn 1 triệu
"Mẫu Váy maxi nữ không tay, dáng rộng, màu hồng, phong cách thời trang mùa đông, giá bán 1 triệu.",Váy maxi,nữ,không tay,mùa đông,dáng rộng,màu hồng,1 triệu
"Chiếc Áo hoodie dành cho nữ kiểu tay lửng, màu màu đen, mặc mùa đông rất thoải mái, giá 500 nghìn.",Áo hoodie,nữ,tay lửng,mùa đông,dáng suông,màu đen,500 nghìn
"Mẫu Quần short nam tay dài, slim, màu xanh, phong cách thời trang mùa hè, giá bán 1 triệu rưỡi.",Quần short,nam,tay dài,mùa hè,slim,màu xanh,1 triệu rưỡi
"Váy maxi unisex tay dài ôm màu xám, dễ phối đồ, hợp cho mùa hè, chỉ 800 nghìn.",Váy maxi,unisex,tay dài,mùa hè,ôm,màu xám,800 nghìn
"Quần short unisex tay dài slim hoa nhí, dễ phối đồ, hợp cho quanh năm, chỉ hơn 600k.",Quần short,unisex,tay dài,quanh năm,slim,hoa nhí,hơn 600k
"Váy unisex tay ngắn dáng rộng màu trắng, dễ phối đồ, hợp cho quanh năm, chỉ hơn 600k.",Váy,unisex,tay ngắn,quanh năm,dáng rộng,màu trắng,hơn 600k
"Áo sơ mi nam kiểu regular màu be, thiết kế hợp xu hướng, dùng được quanh năm, giá 700 nghìn.",Áo sơ mi,nam,tay lửng,quanh năm,regular,màu be,700 nghìn
"Áo hoodie unisex tay ngắn slim màu trắng, dễ phối đồ, hợp cho mùa hè, chỉ hơn 1 triệu.",Áo hoodie,unisex,tay ngắn,mùa hè,slim,màu trắng,hơn 1 triệu
"Chiếc Áo khoác dành cho unisex kiểu tay ngắn, màu màu vàng, mặc mùa xuân rất thoải mái, giá 1 triệu.",Áo khoác,unisex,tay ngắn,mùa xuân,dáng suông,màu vàng,1 triệu
"Áo sơ mi unisex kiểu slim màu vàng, thiết kế hợp xu hướng, dùng được mùa thu, giá 200 nghìn.",Áo sơ mi,unisex,không tay,mùa thu,slim,màu vàng,200 nghìn
"Chiếc Áo hoodie dành cho nam kiểu tay lửng, màu màu vàng, mặc quanh năm rất thoải mái, giá 1 triệu rưỡi.",Áo hoodie,nam,tay lửng,quanh năm,rộng,màu vàng,1 triệu rưỡi
"Quần short nam tay lửng slim màu hồng, dễ phối đồ, hợp cho mùa thu, chỉ 800 nghìn.",Quần short,nam,tay lửng,mùa thu,slim,màu hồng,800 nghìn
"Áo thun nam tay ngắn ôm màu vàng, dễ phối đồ, hợp cho mùa đông, chỉ 500 nghìn.",Áo thun,nam,tay ngắn,mùa đông,ôm,màu vàng,500 nghìn
"Mẫu Quần short unisex tay lửng, ôm, màu tím, phong cách thời trang mùa thu, giá bán 700 nghìn.",Quần short,unisex,tay lửng,mùa thu,ôm,màu tím,700 nghìn
"Quần jeans unisex kiểu ôm màu be, thiết kế hợp xu hướng, dùng được mùa thu, giá 800 nghìn.",Quần jeans,unisex,tay ngắn,mùa thu,ôm,màu be,800 nghìn
"Áo khoác nam không tay màu vàng, chất liệu thoáng mát, phù hợp cho quanh năm, giá khoảng dưới 200k.",Áo khoác,nam,không tay,quanh năm,regular,màu vàng,dưới 200k
"Chiếc Quần short dành cho unisex kiểu tay lửng, màu màu be, mặc mùa đông rất thoải mái, giá 1 triệu rưỡi.",Quần short,unisex,tay lửng,mùa đông,dáng suông,màu be,1 triệu rưỡi
"Quần short unisex không tay màu xám, chất liệu thoáng mát, phù hợp cho mùa thu, giá khoảng hơn 1 triệu.",Quần short,unisex,không tay,mùa thu,rộng,màu xám,hơn 1 triệu
"Áo sơ mi nữ tay lửng regular màu xanh, dễ phối đồ, hợp cho mùa hè, chỉ dưới 200k.",Áo sơ mi,nữ,tay lửng,mùa hè,regular,màu xanh,dưới 200k
"Chiếc Quần jeans dành cho unisex kiểu không tay, màu màu vàng, mặc mùa hè rất thoải mái, giá 1 triệu.",Quần jeans,unisex,không tay,mùa hè,rộng,màu vàng,1 triệu
"Áo sơ mi nam không tay slim màu vàng, dễ phối đồ, hợp cho mùa hè, chỉ 800 nghìn.",Áo sơ mi,nam,không tay,mùa hè,slim,màu vàng,800 nghìn
"Váy unisex tay ngắn màu đỏ, chất liệu thoáng mát, phù hợp cho quanh năm, giá khoảng 700 nghìn.",Váy,unisex,tay ngắn,quanh năm,rộng,màu đỏ,700 nghìn
"Áo sơ mi unisex tay lửng dáng suông màu hồng, dễ phối đồ, hợp cho mùa xuân, chỉ dưới 200k.",Áo sơ mi,unisex,tay lửng,mùa xuân,dáng suông,màu hồng,dưới 200k
"Chiếc Quần short dành cho unisex kiểu tay ngắn, màu màu tím, mặc mùa xuân rất thoải mái, giá 500 nghìn.",Quần short,unisex,tay ngắn,mùa xuân,slim,màu tím,500 nghìn
"Áo thun nam không tay rộng màu be, dễ phối đồ, hợp cho mùa hè, chỉ 800 nghìn.",Áo thun,nam,không tay,mùa hè,rộng,màu be,800 nghìn
"Váy nam không tay màu đen, chất liệu thoáng mát, phù hợp cho mùa thu, giá khoảng hơn 600k.",Váy,nam,không tay,mùa thu,slim,màu đen,hơn 600k
"Quần short nam tay ngắn màu xám, chất liệu thoáng mát, phù hợp cho mùa hè, giá khoảng dưới 200k.",Quần short,nam,tay ngắn,mùa hè,slim,màu xám,dưới 200k
"Áo hoodie nam kiểu slim màu vàng, thiết kế hợp xu hướng, dùng được mùa hè, giá hơn 1 triệu.",Áo hoodie,nam,không tay,mùa hè,slim,màu vàng,hơn 1 triệu
"Mẫu Váy unisex tay lửng, slim, màu vàng, phong cách thời trang quanh năm, giá bán hơn 600k.",Váy,unisex,tay lửng,quanh năm,slim,màu vàng,hơn 600k
"Áo thun nữ kiểu rộng màu trắng, thiết kế hợp xu hướng, dùng được mùa thu, giá 700 nghìn.",Áo thun,nữ,tay dài,mùa thu,rộng,màu trắng,700 nghìn
"Áo thun nữ kiểu dáng rộng màu vàng, thiết kế hợp xu hướng, dùng được mùa đông, giá 1 triệu rưỡi.",Áo thun,nữ,tay ngắn,mùa đông,dáng rộng,màu vàng,1 triệu rưỡi
"Quần short unisex tay lửng màu xám, chất liệu thoáng mát, phù hợp cho mùa hè, giá khoảng 500 nghìn.",Quần short,unisex,tay lửng,mùa hè,ôm,màu xám,500 nghìn
"Áo khoác unisex tay dài màu be, chất liệu thoáng mát, phù hợp cho mùa đông, giá khoảng 800 nghìn.",Áo khoác,unisex,tay dài,mùa đông,rộng,màu be,800 nghìn
"Quần short unisex tay lửng slim hoa nhí, dễ phối đồ, hợp cho mùa đông, chỉ 800 nghìn.",Quần short,unisex,tay lửng,mùa đông,slim,hoa nhí,800 nghìn
"Quần short nam tay lửng màu hồng, chất liệu thoáng mát, phù hợp cho mùa đông, giá khoảng 200 nghìn.",Quần short,nam,tay lửng,mùa đông,ôm,màu hồng,200 nghìn
"Váy maxi nữ kiểu regular màu be, thiết kế hợp xu hướng, dùng được quanh năm, giá 300 nghìn.",Váy maxi,nữ,không tay,quanh năm,regular,màu be,300 nghìn
"Chiếc Váy maxi dành cho nam kiểu không tay, màu hoa nhí, mặc mùa xuân rất thoải mái, giá 1 triệu rưỡi.",Váy maxi,nam,không tay,mùa xuân,rộng,hoa nhí,1 triệu rưỡi
"Chiếc Áo khoác dành cho nam kiểu tay ngắn, màu màu hồng, mặc mùa xuân rất thoải mái, giá 800 nghìn.",Áo khoác,nam,tay ngắn,mùa xuân,regular,màu hồng,800 nghìn
"Quần short nam không tay regular màu hồng, dễ phối đồ, hợp cho mùa thu, chỉ 400 nghìn.",Quần short,nam,không tay,mùa thu,regular,màu hồng,400 nghìn
"Chiếc Quần short dành cho unisex kiểu tay dài, màu màu đen, mặc quanh năm rất thoải mái, giá 500 nghìn.",Quần short,unisex,tay dài,quanh năm,rộng,màu đen,500 nghìn
"Quần short unisex tay dài màu vàng, chất liệu thoáng mát, phù hợp cho mùa hè, giá khoảng 800 nghìn.",Quần short,unisex,tay dài,mùa hè,rộng,màu vàng,800 nghìn
"Mẫu Quần short unisex tay lửng, slim, màu vàng, phong cách thời trang quanh năm, giá bán 200 nghìn.",Quần short,unisex,tay lửng,quanh năm,slim,màu vàng,200 nghìn
"Áo hoodie unisex kiểu rộng màu xám, thiết kế hợp xu hướng, dùng được quanh năm, giá dưới 200k.",Áo hoodie,unisex,tay dài,quanh năm,rộng,màu xám,dưới 200k
"Mẫu Quần jeans nam không tay, regular, hoa nhí, phong cách thời trang mùa xuân, giá bán 700 nghìn.",Quần jeans,nam,không tay,mùa xuân,regular,hoa nhí,700 nghìn
"Mẫu Váy maxi unisex tay dài, slim, màu trắng, phong cách thời trang mùa đông, giá bán hơn 1 triệu.",Váy maxi,unisex,tay dài,mùa đông,slim,màu trắng,hơn 1 triệu
"Chiếc Váy dành cho unisex kiểu không tay, màu màu đen, mặc mùa xuân rất thoải mái, giá 500 nghìn.",Váy,unisex,không tay,mùa xuân,regular,màu đen,500 nghìn
"Chiếc Váy dành cho nam kiểu tay lửng, màu màu be, mặc mùa thu rất thoải mái, giá dưới 200k.",Váy,nam,tay lửng,mùa thu,rộng,màu be,dưới 200k
"Chiếc Áo khoác dành cho nữ kiểu tay dài, màu màu đen, mặc mùa đông rất thoải mái, giá 800 nghìn.",Áo khoác,nữ,tay dài,mùa đông,regular,màu đen,800 nghìn
"Mẫu Quần short unisex tay lửng, rộng, màu hồng, phong cách thời trang mùa đông, giá bán 800 nghìn.",Quần short,unisex,tay lửng,mùa đông,rộng,màu hồng,800 nghìn
"Mẫu Quần short unisex không tay, rộng, màu vàng, phong cách thời trang quanh năm, giá bán 700 nghìn.",Quần short,unisex,không tay,quanh năm,rộng,màu vàng,700 nghìn
"Chiếc Áo sơ mi dành cho nữ kiểu tay dài, màu màu trắng, mặc quanh năm rất thoải mái, giá hơn 600k.",Áo sơ mi,nữ,tay dài,quanh năm,rộng,màu trắng,hơn 600k
"Mẫu Áo khoác unisex tay dài, rộng, màu xanh, phong cách thời trang mùa xuân, giá bán hơn 600k.",Áo khoác,unisex,tay dài,mùa xuân,rộng,màu xanh,hơn 600k
"Áo hoodie nữ tay lửng hoa nhí, chất liệu thoáng mát, phù hợp cho mùa đông, giá khoảng 1 triệu rưỡi.",Áo hoodie,nữ,tay lửng,mùa đông,ôm,hoa nhí,1 triệu rưỡi
"Váy maxi nam không tay màu hồng, chất liệu thoáng mát, phù hợp cho mùa đông, giá khoảng 700 nghìn.",Váy maxi,nam,không tay,mùa đông,slim,màu hồng,700 nghìn
"Áo sơ mi unisex không tay rộng màu trắng, dễ phối đồ, hợp cho mùa thu, chỉ 1 triệu.",Áo sơ mi,unisex,không tay,mùa thu,rộng,màu trắng,1 triệu
"Mẫu Áo hoodie nam không tay, slim, màu hồng, phong cách thời trang mùa thu, giá bán hơn 1 triệu.",Áo hoodie,nam,không tay,mùa thu,slim,màu hồng,hơn 1 triệu
"Váy maxi nữ kiểu ôm màu đen, thiết kế hợp xu hướng, dùng được mùa hè, giá 200 nghìn.",Váy maxi,nữ,tay dài,mùa hè,ôm,màu đen,200 nghìn
"Quần jeans nam tay dài màu đen, chất liệu thoáng mát, phù hợp cho quanh năm, giá khoảng 800 nghìn.",Quần jeans,nam,tay dài,quanh năm,dáng rộng,màu đen,800 nghìn
"Váy unisex tay lửng màu trắng, chất liệu thoáng mát, phù hợp cho mùa thu, giá khoảng hơn 1 triệu.",Váy,unisex,tay lửng,mùa thu,rộng,màu trắng,hơn 1 triệu
"Mẫu Quần short nam tay dài, regular, màu đen, phong cách thời trang mùa hè, giá bán 800 nghìn.",Quần short,nam,tay dài,mùa hè,regular,màu đen,800 nghìn
"Áo sơ mi nữ kiểu slim màu đen, thiết kế hợp xu hướng, dùng được quanh năm, giá hơn 1 triệu.",Áo sơ mi,nữ,tay ngắn,quanh năm,slim,màu đen,hơn 1 triệu
"Mẫu Váy nữ không tay, dáng suông, màu be, phong cách thời trang mùa hè, giá bán hơn 1 triệu.",Váy,nữ,không tay,mùa hè,dáng suông,màu be,hơn 1 triệu
"Áo hoodie nữ tay lửng dáng rộng màu xám, dễ phối đồ, hợp cho quanh năm, chỉ 1 triệu rưỡi.",Áo hoodie,nữ,tay lửng,quanh năm,dáng rộng,màu xám,1 triệu rưỡi
"Quần jeans nam tay dài rộng hoa nhí, dễ phối đồ, hợp cho mùa xuân, chỉ 400 nghìn.",Quần jeans,nam,tay dài,mùa xuân,rộng,hoa nhí,400 nghìn
"Quần jeans unisex tay dài regular màu tím, dễ phối đồ, hợp cho mùa hè, chỉ 800 nghìn.",Quần jeans,unisex,tay dài,mùa hè,regular,màu tím,800 nghìn
"Mẫu Quần short unisex tay lửng, regular, màu xanh, phong cách thời trang quanh năm, giá bán 1 triệu.",Quần short,unisex,tay lửng,quanh năm,regular,màu xanh,1 triệu
"Váy maxi nam kiểu dáng suông màu be, thiết kế hợp xu hướng, dùng được mùa hè, giá 400 nghìn.",Váy maxi,nam,tay ngắn,mùa hè,dáng suông,màu be,400 nghìn
"Mẫu Quần short nữ tay ngắn, dáng rộng, màu hồng, phong cách thời trang quanh năm, giá bán 200 nghìn.",Quần short,nữ,tay ngắn,quanh năm,dáng rộng,màu hồng,200 nghìn
"Áo khoác unisex kiểu slim hoa nhí, thiết kế hợp xu hướng, dùng được mùa thu, giá 1 triệu.",Áo khoác,unisex,tay ngắn,mùa thu,slim,hoa nhí,1 triệu
"Áo sơ mi nam kiểu slim hoa nhí, thiết kế hợp xu hướng, dùng được mùa thu, giá 200 nghìn.",Áo sơ mi,nam,tay ngắn,mùa thu,slim,hoa nhí,200 nghìn
"Chiếc Áo khoác dành cho unisex kiểu tay ngắn, màu màu trắng, mặc quanh năm rất thoải mái, giá hơn 600k.",Áo khoác,unisex,tay ngắn,quanh năm,regular,màu trắng,hơn 600k
"Áo hoodie nam tay ngắn slim màu đen, dễ phối đồ, hợp cho mùa đông, chỉ 400 nghìn.",Áo hoodie,nam,tay ngắn,mùa đông,slim,màu đen,400 nghìn
"Áo hoodie nam tay lửng màu đỏ, chất liệu thoáng mát, phù hợp cho mùa thu, giá khoảng 300 nghìn.",Áo hoodie,nam,tay lửng,mùa thu,regular,màu đỏ,300 nghìn
"Váy nữ kiểu slim màu xám, thiết kế hợp xu hướng, dùng được mùa hè, giá 200 nghìn.",Váy,nữ,tay lửng,mùa hè,slim,màu xám,200 nghìn
"Quần short nam kiểu dáng suông màu tím, thiết kế hợp xu hướng, dùng được mùa hè, giá 400 nghìn.",Quần short,nam,tay dài,mùa hè,dáng suông,màu tím,400 nghìn
"Áo thun nam tay lửng dáng rộng màu be, dễ phối đồ, hợp cho mùa xuân, chỉ hơn 600k.",Áo thun,nam,tay lửng,mùa xuân,dáng rộng,màu be,hơn 600k
"Chiếc Áo thun dành cho unisex kiểu tay lửng, màu hoa nhí, mặc mùa xuân rất thoải mái, giá 500 nghìn.",Áo thun,unisex,tay lửng,mùa xuân,dáng rộng,hoa nhí,500 nghìn
"Váy nữ kiểu dáng rộng màu hồng, thiết kế hợp xu hướng, dùng được mùa xuân, giá 700 nghìn.",Váy,nữ,tay ngắn,mùa xuân,dáng rộng,màu hồng,700 nghìn
"Quần jeans unisex tay dài màu be, chất liệu thoáng mát, phù hợp cho mùa đông, giá khoảng 1 triệu rưỡi.",Quần jeans,unisex,tay dài,mùa đông,regular,màu be,1 triệu rưỡi
"Mẫu Áo hoodie nữ tay lửng, dáng suông, màu xanh, phong cách thời trang mùa hè, giá bán hơn 1 triệu.",Áo hoodie,nữ,tay lửng,mùa hè,dáng suông,màu xanh,hơn 1 triệu
"Mẫu Quần short nữ tay dài, dáng rộng, màu tím, phong cách thời trang mùa xuân, giá bán 500 nghìn.",Quần short,nữ,tay dài,mùa xuân,dáng rộng,màu tím,500 nghìn
"Áo sơ mi unisex kiểu rộng màu be, thiết kế hợp xu hướng, dùng được mùa xuân, giá 1 triệu.",Áo sơ mi,unisex,tay ngắn,mùa xuân,rộng,màu be,1 triệu
"Áo hoodie nữ không tay slim màu vàng, dễ phối đồ, hợp cho mùa xuân, chỉ 400 nghìn.",Áo hoodie,nữ,không tay,mùa xuân,slim,màu vàng,400 nghìn
"Chiếc Quần jeans dành cho nam kiểu tay lửng, màu màu tím, mặc mùa xuân rất thoải mái, giá hơn 600k.",Quần jeans,nam,tay lửng,mùa xuân,dáng rộng,màu tím,hơn 600k
"Chiếc Áo sơ mi dành cho unisex kiểu không tay, màu màu xanh, mặc mùa xuân rất thoải mái, giá 500 nghìn.",Áo sơ mi,unisex,không tay,mùa xuân,rộng,màu xanh,500 nghìn
"Váy nữ kiểu dáng suông hoa nhí, thiết kế hợp xu hướng, dùng được mùa đông, giá 700 nghìn.",Váy,nữ,tay dài,mùa đông,dáng suông,hoa nhí,700 nghìn
"Mẫu Áo thun nữ tay dài, dáng rộng, màu hồng, phong cách thời trang mùa thu, giá bán hơn 1 triệu.",Áo thun,nữ,tay dài,mùa thu,dáng rộng,màu hồng,hơn 1 triệu
"Chiếc Quần short dành cho nữ kiểu không tay, màu màu đỏ, mặc mùa thu rất thoải mái, giá 1 triệu rưỡi.",Quần short,nữ,không tay,mùa thu,regular,màu đỏ,1 triệu rưỡi
"Váy unisex tay dài màu đỏ, chất liệu thoáng mát, phù hợp cho mùa hè, giá khoảng 700 nghìn.",Váy,unisex,tay dài,mùa hè,rộng,màu đỏ,700 nghìn
"Mẫu Áo hoodie nam tay lửng, slim, màu đen, phong cách thời trang mùa đông, giá bán 400 nghìn.",Áo hoodie,nam,tay lửng,mùa đông,slim,màu đen,400 nghìn
"Váy maxi nữ kiểu dáng suông màu tím, thiết kế hợp xu hướng, dùng được mùa xuân, giá 1 triệu.",Váy maxi,nữ,tay lửng,mùa xuân,dáng suông,màu tím,1 triệu
"Áo khoác nữ không tay ôm màu xám, dễ phối đồ, hợp cho mùa thu, chỉ 1 triệu.",Áo khoác,nữ,không tay,mùa thu,ôm,màu xám,1 triệu
"Áo thun nữ tay dài regular màu hồng, dễ phối đồ, hợp cho quanh năm, chỉ 200 nghìn.",Áo thun,nữ,tay dài,quanh năm,regular,màu hồng,200 nghìn
"Chiếc Váy maxi dành cho nam kiểu tay dài, màu màu đen, mặc quanh năm rất thoải mái, giá 700 nghìn.",Váy maxi,nam,tay dài,quanh năm,dáng rộng,màu đen,700 nghìn
"Áo khoác nữ tay ngắn regular màu trắng, dễ phối đồ, hợp cho mùa thu, chỉ 200 nghìn.",Áo khoác,nữ,tay ngắn,mùa thu,regular,màu trắng,200 nghìn
"Quần short nữ tay lửng màu đỏ, chất liệu thoáng mát, phù hợp cho mùa hè, giá khoảng 1 triệu rưỡi.",Quần short,nữ,tay lửng,mùa hè,slim,màu đỏ,1 triệu rưỡi
"Quần short nữ tay dài màu hồng, chất liệu thoáng mát, phù hợp cho mùa thu, giá khoảng 200 nghìn.",Quần short,nữ,tay dài,mùa thu,slim,màu hồng,200 nghìn
"Quần jeans unisex tay ngắn màu hồng, chất liệu thoáng mát, phù hợp cho mùa đông, giá khoảng dưới 200k.",Quần jeans,unisex,tay ngắn,mùa đông,dáng suông,màu hồng,dưới 200k
"Mẫu Áo sơ mi nam tay lửng, regular, màu hồng, phong cách thời trang quanh năm, giá bán 300 nghìn.",Áo sơ mi,nam,tay lửng,quanh năm,regular,màu hồng,300 nghìn
"Áo sơ mi nam kiểu dáng suông màu vàng, thiết kế hợp xu hướng, dùng được mùa thu, giá 1 triệu rưỡi.",Áo sơ mi,nam,tay ngắn,mùa thu,dáng suông,màu vàng,1 triệu rưỡi
"Quần short nam tay lửng màu xám, chất liệu thoáng mát, phù hợp cho mùa hè, giá khoảng 700 nghìn.",Quần short,nam,tay lửng,mùa hè,dáng suông,màu xám,700 nghìn
"Chiếc Quần short dành cho nữ kiểu tay ngắn, màu màu trắng, mặc mùa hè rất thoải mái, giá hơn 600k.",Quần short,nữ,tay ngắn,mùa hè,rộng,màu trắng,hơn 600k
"Váy nam tay ngắn màu be, chất liệu thoáng mát, phù hợp cho mùa xuân, giá khoảng hơn 600k.",Váy,nam,tay ngắn,mùa xuân,slim,màu be,hơn 600k
"Áo khoác nam tay lửng slim màu xanh, dễ phối đồ, hợp cho mùa xuân, chỉ 200 nghìn.",Áo khoác,nam,tay lửng,mùa xuân,slim,màu xanh,200 nghìn
"Váy maxi unisex kiểu regular màu vàng, thiết kế hợp xu hướng, dùng được mùa thu, giá 800 nghìn.",Váy maxi,unisex,tay lửng,mùa thu,regular,màu vàng,800 nghìn
"Mẫu Áo khoác unisex không tay, regular, màu vàng, phong cách thời trang mùa thu, giá bán hơn 600k.",Áo khoác,unisex,không tay,mùa thu,regular,màu vàng,hơn 600k
"Váy nam tay lửng màu đen, chất liệu thoáng mát, phù hợp cho mùa xuân, giá khoảng 700 nghìn.",Váy,nam,tay lửng,mùa xuân,rộng,màu đen,700 nghìn
"Áo thun unisex kiểu regular hoa nhí, thiết kế hợp xu hướng, dùng được mùa đông, giá 800 nghìn.",Áo thun,unisex,tay ngắn,mùa đông,regular,hoa nhí,800 nghìn
"Mẫu Áo sơ mi nữ tay dài, ôm, màu vàng, phong cách thời trang quanh năm, giá bán dưới 200k.",Áo sơ mi,nữ,tay dài,quanh năm,ôm,màu vàng,dưới 200k
"Chiếc Áo sơ mi dành cho unisex kiểu tay dài, màu hoa nhí, mặc mùa đông rất thoải mái, giá 500 nghìn.",Áo sơ mi,unisex,tay dài,mùa đông,slim,hoa nhí,500 nghìn
"Chiếc Áo khoác dành cho unisex kiểu không tay, màu hoa nhí, mặc mùa hè rất thoải mái, giá 400 nghìn.",Áo khoác,unisex,không tay,mùa hè,dáng rộng,hoa nhí,400 nghìn
"Chiếc Quần jeans dành cho nam kiểu không tay, màu hoa nhí, mặc mùa đông rất thoải mái, giá 500 nghìn.",Quần jeans,nam,không tay,mùa đông,dáng rộng,hoa nhí,500 nghìn
"Mẫu Áo khoác nam không tay, rộng, màu be, phong cách thời trang mùa đông, giá bán 1 triệu rưỡi.",Áo khoác,nam,không tay,mùa đông,rộng,màu be,1 triệu rưỡi
"Chiếc Áo thun dành cho nữ kiểu không tay, màu màu be, mặc mùa hè rất thoải mái, giá 1 triệu.",Áo thun,nữ,không tay,mùa hè,slim,màu be,1 triệu
"Quần short nam tay lửng ôm màu xám, dễ phối đồ, hợp cho mùa hè, chỉ 400 nghìn.",Quần short,nam,tay lửng,mùa hè,ôm,màu xám,400 nghìn
"Áo thun nam tay lửng màu xanh, chất liệu thoáng mát, phù hợp cho mùa đông, giá khoảng 300 nghìn.",Áo thun,nam,tay lửng,mùa đông,slim,màu xanh,300 nghìn
"Áo thun nam tay ngắn ôm màu đen, dễ phối đồ, hợp cho mùa thu, chỉ 800 nghìn.",Áo thun,nam,tay ngắn,mùa thu,ôm,màu đen,800 nghìn
"Mẫu Váy nữ tay lửng, dáng rộng, màu xanh, phong cách thời trang mùa đông, giá bán dưới 200k.",Váy,nữ,tay lửng,mùa đông,dáng rộng,màu xanh,dưới 200k
"Áo khoác nữ không tay màu đen, chất liệu thoáng mát, phù hợp cho mùa xuân, giá khoảng hơn 1 triệu.",Áo khoác,nữ,không tay,mùa xuân,ôm,màu đen,hơn 1 triệu
"Quần short nam kiểu slim màu đỏ, thiết kế hợp xu hướng, dùng được mùa thu, giá 1 triệu.",Quần short,nam,tay lửng,mùa thu,slim,màu đỏ,1 triệu
"Áo thun nam tay dài màu hồng, chất liệu thoáng mát, phù hợp cho mùa đông, giá khoảng hơn 1 triệu.",Áo thun,nam,tay dài,mùa đông,dáng suông,màu hồng,hơn 1 triệu
"Áo khoác unisex kiểu dáng rộng màu xám, thiết kế hợp xu hướng, dùng được mùa hè, giá 800 nghìn.",Áo khoác,unisex,tay lửng,mùa hè,dáng rộng,màu xám,800 nghìn
"Váy maxi unisex kiểu regular hoa nhí, thiết kế hợp xu hướng, dùng được mùa hè, giá hơn 1 triệu.",Váy maxi,unisex,tay dài,mùa hè,regular,hoa nhí,hơn 1 triệu
"Mẫu Áo hoodie nam không tay, ôm, màu xám, phong cách thời trang mùa hè, giá bán 300 nghìn.",Áo hoodie,nam,không tay,mùa hè,ôm,màu xám,300 nghìn
"Chiếc Áo khoác dành cho unisex kiểu tay dài, màu màu đen, mặc mùa xuân rất thoải mái, giá 1 triệu rưỡi.",Áo khoác,unisex,tay dài,mùa xuân,ôm,màu đen,1 triệu rưỡi
"Chiếc Váy dành cho unisex kiểu tay dài, màu màu vàng, mặc mùa đông rất thoải mái, giá 1 triệu.",Váy,unisex,tay dài,mùa đông,ôm,màu vàng,1 triệu
"Áo hoodie nữ kiểu dáng rộng hoa nhí, thiết kế hợp xu hướng, dùng được mùa hè, giá 1 triệu rưỡi.",Áo hoodie,nữ,tay lửng,mùa hè,dáng rộng,hoa nhí,1 triệu rưỡi
"Áo thun nữ kiểu rộng màu đen, thiết kế hợp xu hướng, dùng được mùa xuân, giá hơn 600k.",Áo thun,nữ,tay dài,mùa xuân,rộng,màu đen,hơn 600k
"Quần jeans unisex tay ngắn màu xanh, chất liệu thoáng mát, phù hợp cho mùa thu, giá khoảng hơn 1 triệu.",Quần jeans,unisex,tay ngắn,mùa thu,dáng rộng,màu xanh,hơn 1 triệu
"Áo sơ mi unisex tay dài dáng suông màu hồng, dễ phối đồ, hợp cho mùa hè, chỉ 800 nghìn.",Áo sơ mi,unisex,tay dài,mùa hè,dáng suông,màu hồng,800 nghìn
"Váy nữ tay dài dáng suông màu đỏ, dễ phối đồ, hợp cho mùa xuân, chỉ 1 triệu.",Váy,nữ,tay dài,mùa xuân,dáng suông,màu đỏ,1 triệu
"Quần short nam tay ngắn màu xám, chất liệu thoáng mát, phù hợp cho mùa đông, giá khoảng 400 nghìn.",Quần short,nam,tay ngắn,mùa đông,dáng rộng,màu xám,400 nghìn
"Quần short nam tay ngắn slim màu vàng, dễ phối đồ, hợp cho mùa xuân, chỉ 400 nghìn.",Quần short,nam,tay ngắn,mùa xuân,slim,màu vàng,400 nghìn
"Váy unisex không tay màu vàng, chất liệu thoáng mát, phù hợp cho mùa hè, giá khoảng 800 nghìn.",Váy,unisex,không tay,mùa hè,dáng suông,màu vàng,800 nghìn
"Chiếc Váy dành cho unisex kiểu tay lửng, màu màu đen, mặc mùa xuân rất thoải mái, giá 500 nghìn.",Váy,unisex,tay lửng,mùa xuân,ôm,màu đen,500 nghìn
"Áo sơ mi unisex tay dài rộng màu xanh, dễ phối đồ, hợp cho mùa đông, chỉ 1 triệu rưỡi.",Áo sơ mi,unisex,tay dài,mùa đông,rộng,màu xanh,1 triệu rưỡi
"Quần jeans nữ tay ngắn rộng hoa nhí, dễ phối đồ, hợp cho mùa thu, chỉ 1 triệu.",Quần jeans,nữ,tay ngắn,mùa thu,rộng,hoa nhí,1 triệu
"Váy maxi nam kiểu slim hoa nhí, thiết kế hợp xu hướng, dùng được mùa hè, giá dưới 200k.",Váy maxi,nam,tay ngắn,mùa hè,slim,hoa nhí,dưới 200k
"Mẫu Áo thun nữ tay dài, ôm, màu đen, phong cách thời trang mùa thu, giá bán 500 nghìn.",Áo thun,nữ,tay dài,mùa thu,ôm,màu đen,500 nghìn
"Áo hoodie unisex tay lửng slim màu vàng, dễ phối đồ, hợp cho mùa xuân, chỉ 200 nghìn.",Áo hoodie,unisex,tay lửng,mùa xuân,slim,màu vàng,200 nghìn
"Mẫu Áo khoác nam tay lửng, slim, màu xám, phong cách thời trang mùa xuân, giá bán 1 triệu.",Áo khoác,nam,tay lửng,mùa xuân,slim,màu xám,1 triệu
"Áo sơ mi unisex kiểu dáng rộng màu tím, thiết kế hợp xu hướng, dùng được mùa xuân, giá dưới 200k.",Áo sơ mi,unisex,tay lửng,mùa xuân,dáng rộng,màu tím,dưới 200k
"Chiếc Váy dành cho nam kiểu tay ngắn, màu màu xanh, mặc mùa đông rất thoải mái, giá 200 nghìn.",Váy,nam,tay ngắn,mùa đông,rộng,màu xanh,200 nghìn
"Áo sơ mi nữ tay dài màu be, chất liệu thoáng mát, phù hợp cho mùa hè, giá khoảng dưới 200k.",Áo sơ mi,nữ,tay dài,mùa hè,dáng rộng,màu be,dưới 200k
"Mẫu Áo hoodie nam tay lửng, dáng rộng, màu xám, phong cách thời trang mùa xuân, giá bán dưới 200k.",Áo hoodie,nam,tay lửng,mùa xuân,dáng rộng,màu xám,dưới 200k
